--------------------------------------------------------
--  File created - Thursday-April-11-2019   
--------------------------------------------------------
--------------------------------------------------------
--  DDL for Table ARTIST
--------------------------------------------------------

  CREATE TABLE "VER3"."ARTIST" 
   (	"ARTIST_NAME" NVARCHAR2(32), 
	"ARTIST_ID" NUMBER(*,0), 
	"YEAROFBIRTH" NUMBER(*,0), 
	"CITY_ID" NUMBER(*,0)
   ) SEGMENT CREATION IMMEDIATE 
  PCTFREE 10 PCTUSED 40 INITRANS 1 MAXTRANS 255 NOCOMPRESS LOGGING
  STORAGE(INITIAL 65536 NEXT 1048576 MINEXTENTS 1 MAXEXTENTS 2147483645
  PCTINCREASE 0 FREELISTS 1 FREELIST GROUPS 1 BUFFER_POOL DEFAULT FLASH_CACHE DEFAULT CELL_FLASH_CACHE DEFAULT)
  TABLESPACE "SYSTEM" ;
--------------------------------------------------------
--  DDL for Table ARTWORK
--------------------------------------------------------

  CREATE TABLE "VER3"."ARTWORK" 
   (	"ARTWORK_ID" NUMBER(*,0), 
	"TITLE" NVARCHAR2(20), 
	"COST" NUMBER(*,0), 
	"PICTURE" BLOB, 
	"PLACE_ID" NUMBER(*,0), 
	"ARTIST_ID" NUMBER(*,0), 
	"YEAR_OF_CREATION" NUMBER(*,0)
   ) SEGMENT CREATION IMMEDIATE 
  PCTFREE 10 PCTUSED 40 INITRANS 1 MAXTRANS 255 NOCOMPRESS LOGGING
  STORAGE(INITIAL 65536 NEXT 1048576 MINEXTENTS 1 MAXEXTENTS 2147483645
  PCTINCREASE 0 FREELISTS 1 FREELIST GROUPS 1 BUFFER_POOL DEFAULT FLASH_CACHE DEFAULT CELL_FLASH_CACHE DEFAULT)
  TABLESPACE "SYSTEM" 
 LOB ("PICTURE") STORE AS BASICFILE (
  TABLESPACE "SYSTEM" ENABLE STORAGE IN ROW CHUNK 8192 RETENTION 
  NOCACHE LOGGING 
  STORAGE(INITIAL 65536 NEXT 1048576 MINEXTENTS 1 MAXEXTENTS 2147483645
  PCTINCREASE 0 FREELISTS 1 FREELIST GROUPS 1 BUFFER_POOL DEFAULT FLASH_CACHE DEFAULT CELL_FLASH_CACHE DEFAULT)) ;
--------------------------------------------------------
--  DDL for Table CITY
--------------------------------------------------------

  CREATE TABLE "VER3"."CITY" 
   (	"CITY_ID" NUMBER(*,0), 
	"CITY_NAME" VARCHAR2(32 BYTE)
   ) SEGMENT CREATION IMMEDIATE 
  PCTFREE 10 PCTUSED 40 INITRANS 1 MAXTRANS 255 NOCOMPRESS LOGGING
  STORAGE(INITIAL 65536 NEXT 1048576 MINEXTENTS 1 MAXEXTENTS 2147483645
  PCTINCREASE 0 FREELISTS 1 FREELIST GROUPS 1 BUFFER_POOL DEFAULT FLASH_CACHE DEFAULT CELL_FLASH_CACHE DEFAULT)
  TABLESPACE "SYSTEM" ;
--------------------------------------------------------
--  DDL for Table DJANGO_ADMIN_LOG
--------------------------------------------------------

  CREATE TABLE "VER3"."DJANGO_ADMIN_LOG" 
   (	"ID" NUMBER(11,0), 
	"ACTION_TIME" TIMESTAMP (6), 
	"USER_ID" NUMBER(11,0), 
	"CONTENT_TYPE_ID" NUMBER(11,0), 
	"OBJECT_ID" NCLOB, 
	"OBJECT_REPR" NVARCHAR2(200), 
	"ACTION_FLAG" NUMBER(11,0), 
	"CHANGE_MESSAGE" NCLOB
   ) SEGMENT CREATION IMMEDIATE 
  PCTFREE 10 PCTUSED 40 INITRANS 1 MAXTRANS 255 NOCOMPRESS LOGGING
  STORAGE(INITIAL 65536 NEXT 1048576 MINEXTENTS 1 MAXEXTENTS 2147483645
  PCTINCREASE 0 FREELISTS 1 FREELIST GROUPS 1 BUFFER_POOL DEFAULT FLASH_CACHE DEFAULT CELL_FLASH_CACHE DEFAULT)
  TABLESPACE "SYSTEM" 
 LOB ("OBJECT_ID") STORE AS BASICFILE (
  TABLESPACE "SYSTEM" ENABLE STORAGE IN ROW CHUNK 8192 RETENTION 
  NOCACHE LOGGING 
  STORAGE(INITIAL 65536 NEXT 1048576 MINEXTENTS 1 MAXEXTENTS 2147483645
  PCTINCREASE 0 FREELISTS 1 FREELIST GROUPS 1 BUFFER_POOL DEFAULT FLASH_CACHE DEFAULT CELL_FLASH_CACHE DEFAULT)) 
 LOB ("CHANGE_MESSAGE") STORE AS BASICFILE (
  TABLESPACE "SYSTEM" ENABLE STORAGE IN ROW CHUNK 8192 RETENTION 
  NOCACHE LOGGING 
  STORAGE(INITIAL 65536 NEXT 1048576 MINEXTENTS 1 MAXEXTENTS 2147483645
  PCTINCREASE 0 FREELISTS 1 FREELIST GROUPS 1 BUFFER_POOL DEFAULT FLASH_CACHE DEFAULT CELL_FLASH_CACHE DEFAULT)) ;
--------------------------------------------------------
--  DDL for Table DJANGO_MIGRATIONS
--------------------------------------------------------

  CREATE TABLE "VER3"."DJANGO_MIGRATIONS" 
   (	"ID" NUMBER(11,0), 
	"APP" NVARCHAR2(255), 
	"NAME" NVARCHAR2(255), 
	"APPLIED" TIMESTAMP (6)
   ) SEGMENT CREATION IMMEDIATE 
  PCTFREE 10 PCTUSED 40 INITRANS 1 MAXTRANS 255 NOCOMPRESS LOGGING
  STORAGE(INITIAL 65536 NEXT 1048576 MINEXTENTS 1 MAXEXTENTS 2147483645
  PCTINCREASE 0 FREELISTS 1 FREELIST GROUPS 1 BUFFER_POOL DEFAULT FLASH_CACHE DEFAULT CELL_FLASH_CACHE DEFAULT)
  TABLESPACE "SYSTEM" ;
--------------------------------------------------------
--  DDL for Table EXHIBITION
--------------------------------------------------------

  CREATE TABLE "VER3"."EXHIBITION" 
   (	"EXHIBITION_ID" NUMBER(*,0), 
	"EXHIBITION_NAME" VARCHAR2(64 BYTE), 
	"EXDATE" DATE, 
	"PLACE_ID" NUMBER(*,0), 
	"DIRECTION" VARCHAR2(20 BYTE), 
	"EXHIBITION_DESCRIPTION" VARCHAR2(264 BYTE)
   ) SEGMENT CREATION IMMEDIATE 
  PCTFREE 10 PCTUSED 40 INITRANS 1 MAXTRANS 255 NOCOMPRESS LOGGING
  STORAGE(INITIAL 65536 NEXT 1048576 MINEXTENTS 1 MAXEXTENTS 2147483645
  PCTINCREASE 0 FREELISTS 1 FREELIST GROUPS 1 BUFFER_POOL DEFAULT FLASH_CACHE DEFAULT CELL_FLASH_CACHE DEFAULT)
  TABLESPACE "SYSTEM" ;
--------------------------------------------------------
--  DDL for Table MATERIALS
--------------------------------------------------------

  CREATE TABLE "VER3"."MATERIALS" 
   (	"MATERIAL_ID" NUMBER(*,0), 
	"MATERIAL_NAME" VARCHAR2(20 BYTE)
   ) SEGMENT CREATION IMMEDIATE 
  PCTFREE 10 PCTUSED 40 INITRANS 1 MAXTRANS 255 NOCOMPRESS LOGGING
  STORAGE(INITIAL 65536 NEXT 1048576 MINEXTENTS 1 MAXEXTENTS 2147483645
  PCTINCREASE 0 FREELISTS 1 FREELIST GROUPS 1 BUFFER_POOL DEFAULT FLASH_CACHE DEFAULT CELL_FLASH_CACHE DEFAULT)
  TABLESPACE "SYSTEM" ;
--------------------------------------------------------
--  DDL for Table PAINTER
--------------------------------------------------------

  CREATE TABLE "VER3"."PAINTER" 
   (	"PAINTER_ID" NUMBER(*,0), 
	"PAINTTYPE_ID" NUMBER(*,0), 
	"ARTIST_ID" NUMBER(*,0)
   ) SEGMENT CREATION IMMEDIATE 
  PCTFREE 10 PCTUSED 40 INITRANS 1 MAXTRANS 255 NOCOMPRESS LOGGING
  STORAGE(INITIAL 65536 NEXT 1048576 MINEXTENTS 1 MAXEXTENTS 2147483645
  PCTINCREASE 0 FREELISTS 1 FREELIST GROUPS 1 BUFFER_POOL DEFAULT FLASH_CACHE DEFAULT CELL_FLASH_CACHE DEFAULT)
  TABLESPACE "SYSTEM" ;
--------------------------------------------------------
--  DDL for Table PAINT_TYPES
--------------------------------------------------------

  CREATE TABLE "VER3"."PAINT_TYPES" 
   (	"PAINTTYPE_ID" NUMBER(*,0), 
	"TYPE_NAME" VARCHAR2(20 BYTE)
   ) SEGMENT CREATION IMMEDIATE 
  PCTFREE 10 PCTUSED 40 INITRANS 1 MAXTRANS 255 NOCOMPRESS LOGGING
  STORAGE(INITIAL 65536 NEXT 1048576 MINEXTENTS 1 MAXEXTENTS 2147483645
  PCTINCREASE 0 FREELISTS 1 FREELIST GROUPS 1 BUFFER_POOL DEFAULT FLASH_CACHE DEFAULT CELL_FLASH_CACHE DEFAULT)
  TABLESPACE "SYSTEM" ;
--------------------------------------------------------
--  DDL for Table PARTICIPANTS
--------------------------------------------------------

  CREATE TABLE "VER3"."PARTICIPANTS" 
   (	"PARTICIPANT_ID" NUMBER(*,0), 
	"EXHIBITION_ID" NUMBER(*,0), 
	"ARTIST_ID" NUMBER(*,0)
   ) SEGMENT CREATION IMMEDIATE 
  PCTFREE 10 PCTUSED 40 INITRANS 1 MAXTRANS 255 NOCOMPRESS LOGGING
  STORAGE(INITIAL 65536 NEXT 1048576 MINEXTENTS 1 MAXEXTENTS 2147483645
  PCTINCREASE 0 FREELISTS 1 FREELIST GROUPS 1 BUFFER_POOL DEFAULT FLASH_CACHE DEFAULT CELL_FLASH_CACHE DEFAULT)
  TABLESPACE "SYSTEM" ;
--------------------------------------------------------
--  DDL for Table PLACE
--------------------------------------------------------

  CREATE TABLE "VER3"."PLACE" 
   (	"PLACE_ID" NUMBER(*,0), 
	"PLACE_NAME" VARCHAR2(60 BYTE), 
	"ADDRESS" VARCHAR2(60 BYTE), 
	"CITY_ID" NUMBER(*,0)
   ) SEGMENT CREATION IMMEDIATE 
  PCTFREE 10 PCTUSED 40 INITRANS 1 MAXTRANS 255 NOCOMPRESS LOGGING
  STORAGE(INITIAL 65536 NEXT 1048576 MINEXTENTS 1 MAXEXTENTS 2147483645
  PCTINCREASE 0 FREELISTS 1 FREELIST GROUPS 1 BUFFER_POOL DEFAULT FLASH_CACHE DEFAULT CELL_FLASH_CACHE DEFAULT)
  TABLESPACE "SYSTEM" ;
--------------------------------------------------------
--  DDL for Table RARITY
--------------------------------------------------------

  CREATE TABLE "VER3"."RARITY" 
   (	"RARITY_ID" NUMBER(*,0), 
	"ARTWORK_ID" NUMBER(*,0), 
	"ISRESTORED" NUMBER(*,0)
   ) SEGMENT CREATION IMMEDIATE 
  PCTFREE 10 PCTUSED 40 INITRANS 1 MAXTRANS 255 NOCOMPRESS LOGGING
  STORAGE(INITIAL 65536 NEXT 1048576 MINEXTENTS 1 MAXEXTENTS 2147483645
  PCTINCREASE 0 FREELISTS 1 FREELIST GROUPS 1 BUFFER_POOL DEFAULT FLASH_CACHE DEFAULT CELL_FLASH_CACHE DEFAULT)
  TABLESPACE "SYSTEM" ;
--------------------------------------------------------
--  DDL for Table SCULPTOR
--------------------------------------------------------

  CREATE TABLE "VER3"."SCULPTOR" 
   (	"SCULPTOR_ID" NUMBER(*,0), 
	"MATERIAL_ID" NUMBER(*,0), 
	"ARTIST_ID" NUMBER(*,0)
   ) SEGMENT CREATION IMMEDIATE 
  PCTFREE 10 PCTUSED 40 INITRANS 1 MAXTRANS 255 NOCOMPRESS LOGGING
  STORAGE(INITIAL 65536 NEXT 1048576 MINEXTENTS 1 MAXEXTENTS 2147483645
  PCTINCREASE 0 FREELISTS 1 FREELIST GROUPS 1 BUFFER_POOL DEFAULT FLASH_CACHE DEFAULT CELL_FLASH_CACHE DEFAULT)
  TABLESPACE "SYSTEM" ;
--------------------------------------------------------
--  DDL for Table TAB_DBMS_CRYPTO
--------------------------------------------------------

  CREATE TABLE "VER3"."TAB_DBMS_CRYPTO" 
   (	"ACCOUNT_NAME" VARCHAR2(60 BYTE), 
	"ACCOUNT_PASSWD" VARCHAR2(256 BYTE)
   ) SEGMENT CREATION IMMEDIATE 
  PCTFREE 10 PCTUSED 40 INITRANS 1 MAXTRANS 255 NOCOMPRESS LOGGING
  STORAGE(INITIAL 65536 NEXT 1048576 MINEXTENTS 1 MAXEXTENTS 2147483645
  PCTINCREASE 0 FREELISTS 1 FREELIST GROUPS 1 BUFFER_POOL DEFAULT FLASH_CACHE DEFAULT CELL_FLASH_CACHE DEFAULT)
  TABLESPACE "SYSTEM" ;
--------------------------------------------------------
--  DDL for Table TAB_DBMS_CRYPTO_SECRETS
--------------------------------------------------------

  CREATE TABLE "VER3"."TAB_DBMS_CRYPTO_SECRETS" 
   (	"VALUE1" VARCHAR2(128 BYTE), 
	"VALUE2" RAW(128)
   ) SEGMENT CREATION IMMEDIATE 
  PCTFREE 10 PCTUSED 40 INITRANS 1 MAXTRANS 255 NOCOMPRESS LOGGING
  STORAGE(INITIAL 65536 NEXT 1048576 MINEXTENTS 1 MAXEXTENTS 2147483645
  PCTINCREASE 0 FREELISTS 1 FREELIST GROUPS 1 BUFFER_POOL DEFAULT FLASH_CACHE DEFAULT CELL_FLASH_CACHE DEFAULT)
  TABLESPACE "SYSTEM" ;
--------------------------------------------------------
--  DDL for Table USERS
--------------------------------------------------------

  CREATE TABLE "VER3"."USERS" 
   (	"USER_ID" NUMBER(20,0), 
	"LOGIN" NVARCHAR2(64), 
	"PASSWORD" NVARCHAR2(64)
   ) SEGMENT CREATION IMMEDIATE 
  PCTFREE 10 PCTUSED 40 INITRANS 1 MAXTRANS 255 NOCOMPRESS LOGGING
  STORAGE(INITIAL 65536 NEXT 1048576 MINEXTENTS 1 MAXEXTENTS 2147483645
  PCTINCREASE 0 FREELISTS 1 FREELIST GROUPS 1 BUFFER_POOL DEFAULT FLASH_CACHE DEFAULT CELL_FLASH_CACHE DEFAULT)
  TABLESPACE "SYSTEM" ;
REM INSERTING into VER3.ARTIST
SET DEFINE OFF;
Insert into VER3.ARTIST (ARTIST_NAME,ARTIST_ID,YEAROFBIRTH,CITY_ID) values ('Salvador Dali',410,1904,871);
Insert into VER3.ARTIST (ARTIST_NAME,ARTIST_ID,YEAROFBIRTH,CITY_ID) values ('Vincent Van Gogh',411,1931,872);
Insert into VER3.ARTIST (ARTIST_NAME,ARTIST_ID,YEAROFBIRTH,CITY_ID) values ('Ilya Repin',412,1930,873);
Insert into VER3.ARTIST (ARTIST_NAME,ARTIST_ID,YEAROFBIRTH,CITY_ID) values ('Mikhail Vrubel',413,1856,873);
Insert into VER3.ARTIST (ARTIST_NAME,ARTIST_ID,YEAROFBIRTH,CITY_ID) values ('Ivan Kramskoi',414,1837,881);
Insert into VER3.ARTIST (ARTIST_NAME,ARTIST_ID,YEAROFBIRTH,CITY_ID) values ('Edouard Manet',415,1832,871);
Insert into VER3.ARTIST (ARTIST_NAME,ARTIST_ID,YEAROFBIRTH,CITY_ID) values ('Edvard Munch',416,1863,875);
Insert into VER3.ARTIST (ARTIST_NAME,ARTIST_ID,YEAROFBIRTH,CITY_ID) values ('Hieronymos Bosch',417,1450,879);
Insert into VER3.ARTIST (ARTIST_NAME,ARTIST_ID,YEAROFBIRTH,CITY_ID) values ('Andy Warhol',418,1928,874);
Insert into VER3.ARTIST (ARTIST_NAME,ARTIST_ID,YEAROFBIRTH,CITY_ID) values ('Michelandgelo',419,1475,880);
Insert into VER3.ARTIST (ARTIST_NAME,ARTIST_ID,YEAROFBIRTH,CITY_ID) values ('Kazimir Malevich',420,1879,881);
Insert into VER3.ARTIST (ARTIST_NAME,ARTIST_ID,YEAROFBIRTH,CITY_ID) values ('Ogust Roden',421,1840,872);
Insert into VER3.ARTIST (ARTIST_NAME,ARTIST_ID,YEAROFBIRTH,CITY_ID) values ('Donatello',422,1386,879);
Insert into VER3.ARTIST (ARTIST_NAME,ARTIST_ID,YEAROFBIRTH,CITY_ID) values ('Lorenzo Bernini',423,1598,880);
Insert into VER3.ARTIST (ARTIST_NAME,ARTIST_ID,YEAROFBIRTH,CITY_ID) values ('Antonio Canova',424,1757,880);
REM INSERTING into VER3.ARTWORK
SET DEFINE OFF;
Insert into VER3.ARTWORK (ARTWORK_ID,TITLE,COST,PLACE_ID,ARTIST_ID,YEAR_OF_CREATION) values (8900,'The Starry Night',1500000,962,410,1920);
Insert into VER3.ARTWORK (ARTWORK_ID,TITLE,COST,PLACE_ID,ARTIST_ID,YEAR_OF_CREATION) values (8901,'The Scream',1000000,965,416,1900);
Insert into VER3.ARTWORK (ARTWORK_ID,TITLE,COST,PLACE_ID,ARTIST_ID,YEAR_OF_CREATION) values (8902,'Mona Lisa',2500000,961,419,1750);
Insert into VER3.ARTWORK (ARTWORK_ID,TITLE,COST,PLACE_ID,ARTIST_ID,YEAR_OF_CREATION) values (8903,'Prosperity',560000,965,415,1923);
Insert into VER3.ARTWORK (ARTWORK_ID,TITLE,COST,PLACE_ID,ARTIST_ID,YEAR_OF_CREATION) values (8904,'The Thinker',780000000,963,421,1735);
Insert into VER3.ARTWORK (ARTWORK_ID,TITLE,COST,PLACE_ID,ARTIST_ID,YEAR_OF_CREATION) values (8905,'Saint Teresa',80000000,964,422,1655);
Insert into VER3.ARTWORK (ARTWORK_ID,TITLE,COST,PLACE_ID,ARTIST_ID,YEAR_OF_CREATION) values (8906,'Manneken Pis',14000000,963,423,1680);
Insert into VER3.ARTWORK (ARTWORK_ID,TITLE,COST,PLACE_ID,ARTIST_ID,YEAR_OF_CREATION) values (8907,'The Reasoning',280000000,964,424,1850);
Insert into VER3.ARTWORK (ARTWORK_ID,TITLE,COST,PLACE_ID,ARTIST_ID,YEAR_OF_CREATION) values (8908,'Caesar',470500000,963,423,1800);
Insert into VER3.ARTWORK (ARTWORK_ID,TITLE,COST,PLACE_ID,ARTIST_ID,YEAR_OF_CREATION) values (8909,'Venus De Milo',12000000,964,422,1864);
Insert into VER3.ARTWORK (ARTWORK_ID,TITLE,COST,PLACE_ID,ARTIST_ID,YEAR_OF_CREATION) values (8910,'Woman Silhouette',500000000,963,421,1903);
Insert into VER3.ARTWORK (ARTWORK_ID,TITLE,COST,PLACE_ID,ARTIST_ID,YEAR_OF_CREATION) values (8911,'Olympic Champion',800000000,964,424,1740);
Insert into VER3.ARTWORK (ARTWORK_ID,TITLE,COST,PLACE_ID,ARTIST_ID,YEAR_OF_CREATION) values (8912,'Bronze Portrait',75000000,963,421,1954);
Insert into VER3.ARTWORK (ARTWORK_ID,TITLE,COST,PLACE_ID,ARTIST_ID,YEAR_OF_CREATION) values (8913,'The Self-portrait',96000000,961,411,1950);
Insert into VER3.ARTWORK (ARTWORK_ID,TITLE,COST,PLACE_ID,ARTIST_ID,YEAR_OF_CREATION) values (8914,'Family Drama',64000000,965,412,1940);
Insert into VER3.ARTWORK (ARTWORK_ID,TITLE,COST,PLACE_ID,ARTIST_ID,YEAR_OF_CREATION) values (8915,'Russian Winter',650000000,969,414,1890);
Insert into VER3.ARTWORK (ARTWORK_ID,TITLE,COST,PLACE_ID,ARTIST_ID,YEAR_OF_CREATION) values (8916,'Wild Ocean',95000000,970,412,1945);
Insert into VER3.ARTWORK (ARTWORK_ID,TITLE,COST,PLACE_ID,ARTIST_ID,YEAR_OF_CREATION) values (8917,'The Sencere Joy',652000000,967,412,1944);
Insert into VER3.ARTWORK (ARTWORK_ID,TITLE,COST,PLACE_ID,ARTIST_ID,YEAR_OF_CREATION) values (8918,'Storming Rage',985000000,962,413,1880);
Insert into VER3.ARTWORK (ARTWORK_ID,TITLE,COST,PLACE_ID,ARTIST_ID,YEAR_OF_CREATION) values (8919,'The Creation of Adam',1000000000,961,419,1525);
Insert into VER3.ARTWORK (ARTWORK_ID,TITLE,COST,PLACE_ID,ARTIST_ID,YEAR_OF_CREATION) values (8920,'Memory''s Persistence',56000000,962,416,1893);
Insert into VER3.ARTWORK (ARTWORK_ID,TITLE,COST,PLACE_ID,ARTIST_ID,YEAR_OF_CREATION) values (8921,'Disintergration',89000000,962,410,1935);
Insert into VER3.ARTWORK (ARTWORK_ID,TITLE,COST,PLACE_ID,ARTIST_ID,YEAR_OF_CREATION) values (8922,'The Winner',46550000,963,410,1931);
Insert into VER3.ARTWORK (ARTWORK_ID,TITLE,COST,PLACE_ID,ARTIST_ID,YEAR_OF_CREATION) values (8923,'Portdogue',23000000,965,410,1936);
Insert into VER3.ARTWORK (ARTWORK_ID,TITLE,COST,PLACE_ID,ARTIST_ID,YEAR_OF_CREATION) values (8924,'Suprematist Compose',200000000,969,420,1910);
Insert into VER3.ARTWORK (ARTWORK_ID,TITLE,COST,PLACE_ID,ARTIST_ID,YEAR_OF_CREATION) values (8925,'The Knifegrinder',32000000,970,420,1913);
Insert into VER3.ARTWORK (ARTWORK_ID,TITLE,COST,PLACE_ID,ARTIST_ID,YEAR_OF_CREATION) values (8926,'Supremus No. 50',89000000,962,420,1914);
Insert into VER3.ARTWORK (ARTWORK_ID,TITLE,COST,PLACE_ID,ARTIST_ID,YEAR_OF_CREATION) values (8927,'Lady in Hat',410000000,961,414,1885);
REM INSERTING into VER3.CITY
SET DEFINE OFF;
Insert into VER3.CITY (CITY_ID,CITY_NAME) values (871,'Paris');
Insert into VER3.CITY (CITY_ID,CITY_NAME) values (872,'Rome');
Insert into VER3.CITY (CITY_ID,CITY_NAME) values (873,'Moscow');
Insert into VER3.CITY (CITY_ID,CITY_NAME) values (874,'Amsterdam');
Insert into VER3.CITY (CITY_ID,CITY_NAME) values (875,'Berlin');
Insert into VER3.CITY (CITY_ID,CITY_NAME) values (876,'Astana');
Insert into VER3.CITY (CITY_ID,CITY_NAME) values (877,'Almaty');
Insert into VER3.CITY (CITY_ID,CITY_NAME) values (878,'Shymkent');
Insert into VER3.CITY (CITY_ID,CITY_NAME) values (879,'Vienna');
Insert into VER3.CITY (CITY_ID,CITY_NAME) values (880,'Madrid');
Insert into VER3.CITY (CITY_ID,CITY_NAME) values (881,'Saint Petersburg');
REM INSERTING into VER3.DJANGO_ADMIN_LOG
SET DEFINE OFF;
REM INSERTING into VER3.DJANGO_MIGRATIONS
SET DEFINE OFF;
REM INSERTING into VER3.EXHIBITION
SET DEFINE OFF;
Insert into VER3.EXHIBITION (EXHIBITION_ID,EXHIBITION_NAME,EXDATE,PLACE_ID,DIRECTION,EXHIBITION_DESCRIPTION) values (7141,'Art and Culture',to_date('09-JUL-19','DD-MON-RR'),966,'Art','A heat-sensitive floor, subsonic sound waves, and a room that makes you cry are some of the delights here, aiming to evoke empathy for our fellow humans. ');
Insert into VER3.EXHIBITION (EXHIBITION_ID,EXHIBITION_NAME,EXDATE,PLACE_ID,DIRECTION,EXHIBITION_DESCRIPTION) values (7142,'Great Inheritance',to_date('11-JUL-19','DD-MON-RR'),966,'Sculpture','This exhibition wil inspire the visitors by the best works of the most famous artists of the world. Not one for those with a delicate constitution. The human form, in all its naked glory, is on display in this Great Inheritance Show.');
Insert into VER3.EXHIBITION (EXHIBITION_ID,EXHIBITION_NAME,EXDATE,PLACE_ID,DIRECTION,EXHIBITION_DESCRIPTION) values (7143,'With Love and Beauty',to_date('11-JUN-19','DD-MON-RR'),966,'Art','Ones of the greatest colourists of the early 20th century. This exhibition of the most famous artists'' many-hued paintings is here to brighten up the tail end of winter.');
Insert into VER3.EXHIBITION (EXHIBITION_ID,EXHIBITION_NAME,EXDATE,PLACE_ID,DIRECTION,EXHIBITION_DESCRIPTION) values (7144,'Last Centuries'' Miracle',to_date('30-MAY-19','DD-MON-RR'),966,'Art','Have never been seen in Kazakhstan before. Here you will look and feel. The greatness of such paintings does not leave anyone indifferent. Salvador Dali, Vincent Van Goh, Edward Munch - you probably know these names.');
Insert into VER3.EXHIBITION (EXHIBITION_ID,EXHIBITION_NAME,EXDATE,PLACE_ID,DIRECTION,EXHIBITION_DESCRIPTION) values (7145,'The Road Less Traveled',to_date('23-JUN-19','DD-MON-RR'),966,'Art','Exploring themes of colonialism, politics, and history, these artists'' focus on the relationship between Western and non-Western cultures gains more relevance in an increasingly divided world.');
Insert into VER3.EXHIBITION (EXHIBITION_ID,EXHIBITION_NAME,EXDATE,PLACE_ID,DIRECTION,EXHIBITION_DESCRIPTION) values (7146,'On the Horizon',to_date('08-JUN-19','DD-MON-RR'),967,'Art','Does what it says on the tin: this is an exhibition about russian painters, men who liked to paint pictures of Russia (and squares). They did it bloody well, mind you.');
Insert into VER3.EXHIBITION (EXHIBITION_ID,EXHIBITION_NAME,EXDATE,PLACE_ID,DIRECTION,EXHIBITION_DESCRIPTION) values (7147,'Subversion and Surrealism in the Art',to_date('16-AUG-19','DD-MON-RR'),967,'Art','These regions were a rich source of art, especially in the realm of magic realism (before Garcia Marquez & co took it to the next level). See the best of it at Tate Kazakhstan.');
Insert into VER3.EXHIBITION (EXHIBITION_ID,EXHIBITION_NAME,EXDATE,PLACE_ID,DIRECTION,EXHIBITION_DESCRIPTION) values (7148,'Masters of Genre Painting: Inspiration and Rivalry',to_date('27-MAY-19','DD-MON-RR'),967,'Art','45 works by Vincent Van Gogh and others will trace the influence of Britain, and in particular London, on his career. It’s the biggest Van Gogh show in a decade, so you should probably Gogh along…');
Insert into VER3.EXHIBITION (EXHIBITION_ID,EXHIBITION_NAME,EXDATE,PLACE_ID,DIRECTION,EXHIBITION_DESCRIPTION) values (7149,'Sculptures of All Times',to_date('09-AUG-19','DD-MON-RR'),967,'Sculpture','Discover extraordinary sculptures of great artists for free in iconic and unusual public spaces for one day only. ');
Insert into VER3.EXHIBITION (EXHIBITION_ID,EXHIBITION_NAME,EXDATE,PLACE_ID,DIRECTION,EXHIBITION_DESCRIPTION) values (7150,'Russian Inheritance',to_date('04-AUG-19','DD-MON-RR'),967,'Art','The Russian avant-garde gets a major show at the TrueRus Exhibition, featuring many works that have never been seen outside of Russia before.');
Insert into VER3.EXHIBITION (EXHIBITION_ID,EXHIBITION_NAME,EXDATE,PLACE_ID,DIRECTION,EXHIBITION_DESCRIPTION) values (7151,'Year of the Nature',to_date('20-JUL-19','DD-MON-RR'),968,'Art','See masterful depictions of landscapes and intimate domestic scenes, and learn more about the much-loved painter’s unconventional use of colour and their preference to work from memory.');
Insert into VER3.EXHIBITION (EXHIBITION_ID,EXHIBITION_NAME,EXDATE,PLACE_ID,DIRECTION,EXHIBITION_DESCRIPTION) values (7152,'Nothing is Natural',to_date('17-AUG-19','DD-MON-RR'),968,'Sculpture','This exhibition of sculptures made of stone and metal will open the world of classical art previously unknown to Kazakhstan. Only original and unique copies in the world.');
Insert into VER3.EXHIBITION (EXHIBITION_ID,EXHIBITION_NAME,EXDATE,PLACE_ID,DIRECTION,EXHIBITION_DESCRIPTION) values (7153,'Phantom Revenant',to_date('12-JUL-19','DD-MON-RR'),968,'Art','Study Munch’s haunting depictions of raw human emotion, from love and desire to anxiety and grief, at the largest show of his prints in Kazakhstan.');
Insert into VER3.EXHIBITION (EXHIBITION_ID,EXHIBITION_NAME,EXDATE,PLACE_ID,DIRECTION,EXHIBITION_DESCRIPTION) values (7154,'Sunrise, Sunset',to_date('28-MAY-19','DD-MON-RR'),968,'Art','This place brings together more than 20 of the Renaissance masters'' greatest drawings. Extraordinary, unbelievable - you will love it.');
Insert into VER3.EXHIBITION (EXHIBITION_ID,EXHIBITION_NAME,EXDATE,PLACE_ID,DIRECTION,EXHIBITION_DESCRIPTION) values (7155,'Neither Day nor Night ',to_date('01-AUG-19','DD-MON-RR'),968,'Art','These pictures shook the whole world with their genius. Have you seen this before? Obviously not. The exhibition takes you to the world of real painting.');
REM INSERTING into VER3.MATERIALS
SET DEFINE OFF;
Insert into VER3.MATERIALS (MATERIAL_ID,MATERIAL_NAME) values (123,'Stone');
Insert into VER3.MATERIALS (MATERIAL_ID,MATERIAL_NAME) values (124,'Canvas');
Insert into VER3.MATERIALS (MATERIAL_ID,MATERIAL_NAME) values (125,'Steel');
Insert into VER3.MATERIALS (MATERIAL_ID,MATERIAL_NAME) values (126,'Iron');
Insert into VER3.MATERIALS (MATERIAL_ID,MATERIAL_NAME) values (127,'Clay');
REM INSERTING into VER3.PAINTER
SET DEFINE OFF;
Insert into VER3.PAINTER (PAINTER_ID,PAINTTYPE_ID,ARTIST_ID) values (1,561,410);
Insert into VER3.PAINTER (PAINTER_ID,PAINTTYPE_ID,ARTIST_ID) values (2,562,411);
Insert into VER3.PAINTER (PAINTER_ID,PAINTTYPE_ID,ARTIST_ID) values (3,561,412);
Insert into VER3.PAINTER (PAINTER_ID,PAINTTYPE_ID,ARTIST_ID) values (4,562,413);
Insert into VER3.PAINTER (PAINTER_ID,PAINTTYPE_ID,ARTIST_ID) values (5,562,410);
Insert into VER3.PAINTER (PAINTER_ID,PAINTTYPE_ID,ARTIST_ID) values (6,561,411);
Insert into VER3.PAINTER (PAINTER_ID,PAINTTYPE_ID,ARTIST_ID) values (7,562,412);
Insert into VER3.PAINTER (PAINTER_ID,PAINTTYPE_ID,ARTIST_ID) values (8,561,413);
Insert into VER3.PAINTER (PAINTER_ID,PAINTTYPE_ID,ARTIST_ID) values (9,563,414);
Insert into VER3.PAINTER (PAINTER_ID,PAINTTYPE_ID,ARTIST_ID) values (10,564,415);
Insert into VER3.PAINTER (PAINTER_ID,PAINTTYPE_ID,ARTIST_ID) values (11,563,416);
Insert into VER3.PAINTER (PAINTER_ID,PAINTTYPE_ID,ARTIST_ID) values (12,563,417);
Insert into VER3.PAINTER (PAINTER_ID,PAINTTYPE_ID,ARTIST_ID) values (13,561,418);
Insert into VER3.PAINTER (PAINTER_ID,PAINTTYPE_ID,ARTIST_ID) values (14,562,419);
Insert into VER3.PAINTER (PAINTER_ID,PAINTTYPE_ID,ARTIST_ID) values (15,565,420);
Insert into VER3.PAINTER (PAINTER_ID,PAINTTYPE_ID,ARTIST_ID) values (16,564,419);
Insert into VER3.PAINTER (PAINTER_ID,PAINTTYPE_ID,ARTIST_ID) values (17,564,418);
Insert into VER3.PAINTER (PAINTER_ID,PAINTTYPE_ID,ARTIST_ID) values (18,563,415);
REM INSERTING into VER3.PAINT_TYPES
SET DEFINE OFF;
Insert into VER3.PAINT_TYPES (PAINTTYPE_ID,TYPE_NAME) values (561,'Acrylic');
Insert into VER3.PAINT_TYPES (PAINTTYPE_ID,TYPE_NAME) values (562,'Oil');
Insert into VER3.PAINT_TYPES (PAINTTYPE_ID,TYPE_NAME) values (563,'Watercolor');
Insert into VER3.PAINT_TYPES (PAINTTYPE_ID,TYPE_NAME) values (564,'Gouache');
Insert into VER3.PAINT_TYPES (PAINTTYPE_ID,TYPE_NAME) values (565,'Graphics');
REM INSERTING into VER3.PARTICIPANTS
SET DEFINE OFF;
Insert into VER3.PARTICIPANTS (PARTICIPANT_ID,EXHIBITION_ID,ARTIST_ID) values (70,7141,410);
Insert into VER3.PARTICIPANTS (PARTICIPANT_ID,EXHIBITION_ID,ARTIST_ID) values (71,7141,411);
Insert into VER3.PARTICIPANTS (PARTICIPANT_ID,EXHIBITION_ID,ARTIST_ID) values (72,7141,415);
Insert into VER3.PARTICIPANTS (PARTICIPANT_ID,EXHIBITION_ID,ARTIST_ID) values (73,7142,421);
Insert into VER3.PARTICIPANTS (PARTICIPANT_ID,EXHIBITION_ID,ARTIST_ID) values (74,7142,422);
Insert into VER3.PARTICIPANTS (PARTICIPANT_ID,EXHIBITION_ID,ARTIST_ID) values (75,7143,417);
Insert into VER3.PARTICIPANTS (PARTICIPANT_ID,EXHIBITION_ID,ARTIST_ID) values (76,7143,418);
Insert into VER3.PARTICIPANTS (PARTICIPANT_ID,EXHIBITION_ID,ARTIST_ID) values (77,7143,419);
Insert into VER3.PARTICIPANTS (PARTICIPANT_ID,EXHIBITION_ID,ARTIST_ID) values (78,7144,415);
Insert into VER3.PARTICIPANTS (PARTICIPANT_ID,EXHIBITION_ID,ARTIST_ID) values (79,7144,410);
Insert into VER3.PARTICIPANTS (PARTICIPANT_ID,EXHIBITION_ID,ARTIST_ID) values (80,7144,418);
Insert into VER3.PARTICIPANTS (PARTICIPANT_ID,EXHIBITION_ID,ARTIST_ID) values (81,7145,414);
Insert into VER3.PARTICIPANTS (PARTICIPANT_ID,EXHIBITION_ID,ARTIST_ID) values (82,7145,420);
Insert into VER3.PARTICIPANTS (PARTICIPANT_ID,EXHIBITION_ID,ARTIST_ID) values (83,7145,417);
Insert into VER3.PARTICIPANTS (PARTICIPANT_ID,EXHIBITION_ID,ARTIST_ID) values (84,7146,411);
Insert into VER3.PARTICIPANTS (PARTICIPANT_ID,EXHIBITION_ID,ARTIST_ID) values (85,7146,413);
Insert into VER3.PARTICIPANTS (PARTICIPANT_ID,EXHIBITION_ID,ARTIST_ID) values (86,7146,418);
Insert into VER3.PARTICIPANTS (PARTICIPANT_ID,EXHIBITION_ID,ARTIST_ID) values (87,7147,414);
Insert into VER3.PARTICIPANTS (PARTICIPANT_ID,EXHIBITION_ID,ARTIST_ID) values (88,7147,415);
Insert into VER3.PARTICIPANTS (PARTICIPANT_ID,EXHIBITION_ID,ARTIST_ID) values (89,7147,416);
Insert into VER3.PARTICIPANTS (PARTICIPANT_ID,EXHIBITION_ID,ARTIST_ID) values (90,7148,411);
Insert into VER3.PARTICIPANTS (PARTICIPANT_ID,EXHIBITION_ID,ARTIST_ID) values (91,7148,410);
Insert into VER3.PARTICIPANTS (PARTICIPANT_ID,EXHIBITION_ID,ARTIST_ID) values (92,7149,423);
Insert into VER3.PARTICIPANTS (PARTICIPANT_ID,EXHIBITION_ID,ARTIST_ID) values (93,7149,424);
Insert into VER3.PARTICIPANTS (PARTICIPANT_ID,EXHIBITION_ID,ARTIST_ID) values (94,7149,422);
Insert into VER3.PARTICIPANTS (PARTICIPANT_ID,EXHIBITION_ID,ARTIST_ID) values (95,7150,412);
Insert into VER3.PARTICIPANTS (PARTICIPANT_ID,EXHIBITION_ID,ARTIST_ID) values (96,7150,413);
Insert into VER3.PARTICIPANTS (PARTICIPANT_ID,EXHIBITION_ID,ARTIST_ID) values (97,7150,414);
Insert into VER3.PARTICIPANTS (PARTICIPANT_ID,EXHIBITION_ID,ARTIST_ID) values (98,7150,420);
Insert into VER3.PARTICIPANTS (PARTICIPANT_ID,EXHIBITION_ID,ARTIST_ID) values (99,7151,412);
Insert into VER3.PARTICIPANTS (PARTICIPANT_ID,EXHIBITION_ID,ARTIST_ID) values (100,7151,414);
Insert into VER3.PARTICIPANTS (PARTICIPANT_ID,EXHIBITION_ID,ARTIST_ID) values (101,7151,416);
Insert into VER3.PARTICIPANTS (PARTICIPANT_ID,EXHIBITION_ID,ARTIST_ID) values (102,7152,421);
Insert into VER3.PARTICIPANTS (PARTICIPANT_ID,EXHIBITION_ID,ARTIST_ID) values (103,7152,424);
Insert into VER3.PARTICIPANTS (PARTICIPANT_ID,EXHIBITION_ID,ARTIST_ID) values (104,7152,423);
Insert into VER3.PARTICIPANTS (PARTICIPANT_ID,EXHIBITION_ID,ARTIST_ID) values (105,7153,416);
Insert into VER3.PARTICIPANTS (PARTICIPANT_ID,EXHIBITION_ID,ARTIST_ID) values (106,7153,420);
Insert into VER3.PARTICIPANTS (PARTICIPANT_ID,EXHIBITION_ID,ARTIST_ID) values (107,7154,419);
Insert into VER3.PARTICIPANTS (PARTICIPANT_ID,EXHIBITION_ID,ARTIST_ID) values (108,7154,418);
Insert into VER3.PARTICIPANTS (PARTICIPANT_ID,EXHIBITION_ID,ARTIST_ID) values (109,7154,411);
Insert into VER3.PARTICIPANTS (PARTICIPANT_ID,EXHIBITION_ID,ARTIST_ID) values (110,7155,410);
Insert into VER3.PARTICIPANTS (PARTICIPANT_ID,EXHIBITION_ID,ARTIST_ID) values (111,7155,415);
Insert into VER3.PARTICIPANTS (PARTICIPANT_ID,EXHIBITION_ID,ARTIST_ID) values (112,7155,417);
REM INSERTING into VER3.PLACE
SET DEFINE OFF;
Insert into VER3.PLACE (PLACE_ID,PLACE_NAME,ADDRESS,CITY_ID) values (961,'Museum of Van Gogh','Gregory Street, 81',874);
Insert into VER3.PLACE (PLACE_ID,PLACE_NAME,ADDRESS,CITY_ID) values (962,'Museum of Great Arts','Hopkins Avenue, 92',871);
Insert into VER3.PLACE (PLACE_ID,PLACE_NAME,ADDRESS,CITY_ID) values (963,'Sculptures of All Times','Bridge Street, 74',871);
Insert into VER3.PLACE (PLACE_ID,PLACE_NAME,ADDRESS,CITY_ID) values (964,'Steel and Stone','Leibniz Street, 31/2',875);
Insert into VER3.PLACE (PLACE_ID,PLACE_NAME,ADDRESS,CITY_ID) values (965,'Museum of Unique Arts','Lermontov Avenue, 225',873);
Insert into VER3.PLACE (PLACE_ID,PLACE_NAME,ADDRESS,CITY_ID) values (966,'First President Museum','Zhubanova Street, 87',876);
Insert into VER3.PLACE (PLACE_ID,PLACE_NAME,ADDRESS,CITY_ID) values (967,'Kasteyev Museum','Mukanova Avenue, 12',877);
Insert into VER3.PLACE (PLACE_ID,PLACE_NAME,ADDRESS,CITY_ID) values (968,'State Gallery','Ryskulova Street, 45/3',878);
Insert into VER3.PLACE (PLACE_ID,PLACE_NAME,ADDRESS,CITY_ID) values (969,'Russian National Museum','Kremlev Street, 56',881);
Insert into VER3.PLACE (PLACE_ID,PLACE_NAME,ADDRESS,CITY_ID) values (970,'The First Art Gallery','Poltavskaya Avenue, 78/1',881);
REM INSERTING into VER3.RARITY
SET DEFINE OFF;
Insert into VER3.RARITY (RARITY_ID,ARTWORK_ID,ISRESTORED) values (10,8902,1);
Insert into VER3.RARITY (RARITY_ID,ARTWORK_ID,ISRESTORED) values (11,8906,1);
Insert into VER3.RARITY (RARITY_ID,ARTWORK_ID,ISRESTORED) values (12,8908,0);
Insert into VER3.RARITY (RARITY_ID,ARTWORK_ID,ISRESTORED) values (13,8911,0);
Insert into VER3.RARITY (RARITY_ID,ARTWORK_ID,ISRESTORED) values (14,8919,1);
Insert into VER3.RARITY (RARITY_ID,ARTWORK_ID,ISRESTORED) values (15,8905,1);
Insert into VER3.RARITY (RARITY_ID,ARTWORK_ID,ISRESTORED) values (16,8915,0);
Insert into VER3.RARITY (RARITY_ID,ARTWORK_ID,ISRESTORED) values (17,8918,1);
REM INSERTING into VER3.SCULPTOR
SET DEFINE OFF;
Insert into VER3.SCULPTOR (SCULPTOR_ID,MATERIAL_ID,ARTIST_ID) values (721,125,421);
Insert into VER3.SCULPTOR (SCULPTOR_ID,MATERIAL_ID,ARTIST_ID) values (722,123,422);
Insert into VER3.SCULPTOR (SCULPTOR_ID,MATERIAL_ID,ARTIST_ID) values (723,123,423);
Insert into VER3.SCULPTOR (SCULPTOR_ID,MATERIAL_ID,ARTIST_ID) values (724,123,424);
REM INSERTING into VER3.TAB_DBMS_CRYPTO
SET DEFINE OFF;
Insert into VER3.TAB_DBMS_CRYPTO (ACCOUNT_NAME,ACCOUNT_PASSWD) values ('user1','#123$');
Insert into VER3.TAB_DBMS_CRYPTO (ACCOUNT_NAME,ACCOUNT_PASSWD) values ('user2','$456%');
Insert into VER3.TAB_DBMS_CRYPTO (ACCOUNT_NAME,ACCOUNT_PASSWD) values ('user3','(876%');
REM INSERTING into VER3.TAB_DBMS_CRYPTO_SECRETS
SET DEFINE OFF;
Insert into VER3.TAB_DBMS_CRYPTO_SECRETS (VALUE1,VALUE2) values ('user1','F3DF45A7CCA043953EBC4E5DDEB74AAC9B04D61FF48A4250CAE414878CE27FC9');
Insert into VER3.TAB_DBMS_CRYPTO_SECRETS (VALUE1,VALUE2) values ('user2','B1C6CE5B8DAA8907FF57F4D7EE7174B00B9FE619DC9198B63CD193FBE7F91A09');
Insert into VER3.TAB_DBMS_CRYPTO_SECRETS (VALUE1,VALUE2) values ('user3','50813B9E825384FE7CC1FF6AB43DEA4F3399B31F94207484260A3CA3C59ABE29');
Insert into VER3.TAB_DBMS_CRYPTO_SECRETS (VALUE1,VALUE2) values ('VERA','80C12154ADC1F725178C35E240D2976F80031E0CF45EF736AB9E4FD2A760DB75');
Insert into VER3.TAB_DBMS_CRYPTO_SECRETS (VALUE1,VALUE2) values ('254','88843307D12D4F4B01447876A28DE073244C97B42D326F6353CDC6D8A4A43658');
Insert into VER3.TAB_DBMS_CRYPTO_SECRETS (VALUE1,VALUE2) values ('ADMIN','B9C085DC0BD8DF02A2D0A429758A1EE4B13A306E04A2266FA02565E10D9B5AC9');
Insert into VER3.TAB_DBMS_CRYPTO_SECRETS (VALUE1,VALUE2) values ('VERA','33F4F674A05FE132FE59373990832922EBCD3046F3D813D3FFBC840FF13B50BF');
Insert into VER3.TAB_DBMS_CRYPTO_SECRETS (VALUE1,VALUE2) values ('254','C930E1E34C3FFCF6A21B6E79EA2E60D4A483E991D6EFAECB8C789FAB31772373');
Insert into VER3.TAB_DBMS_CRYPTO_SECRETS (VALUE1,VALUE2) values ('ADMIN','605CA36390FE7D78A13555E40C3F07D5E43DFF764AE42CCE80513F4B068EE91C');
REM INSERTING into VER3.USERS
SET DEFINE OFF;
Insert into VER3.USERS (USER_ID,LOGIN,PASSWORD) values (125,'USER','5054365351305732434F6646663151373352757170673D3D');
Insert into VER3.USERS (USER_ID,LOGIN,PASSWORD) values (124,'254','413831712B70597A76346E30517339454A34673174773D3D');
Insert into VER3.USERS (USER_ID,LOGIN,PASSWORD) values (126,'ADMIN','41716576375353374941757843475A5A6B68304676513D3D');
--------------------------------------------------------
--  DDL for Index XPKEXHIBITION
--------------------------------------------------------

  CREATE UNIQUE INDEX "VER3"."XPKEXHIBITION" ON "VER3"."EXHIBITION" ("EXHIBITION_ID") 
  PCTFREE 10 INITRANS 2 MAXTRANS 255 COMPUTE STATISTICS 
  STORAGE(INITIAL 65536 NEXT 1048576 MINEXTENTS 1 MAXEXTENTS 2147483645
  PCTINCREASE 0 FREELISTS 1 FREELIST GROUPS 1 BUFFER_POOL DEFAULT FLASH_CACHE DEFAULT CELL_FLASH_CACHE DEFAULT)
  TABLESPACE "SYSTEM" ;
--------------------------------------------------------
--  DDL for Index USERS_PK
--------------------------------------------------------

  CREATE UNIQUE INDEX "VER3"."USERS_PK" ON "VER3"."USERS" ("USER_ID") 
  PCTFREE 10 INITRANS 2 MAXTRANS 255 COMPUTE STATISTICS 
  STORAGE(INITIAL 65536 NEXT 1048576 MINEXTENTS 1 MAXEXTENTS 2147483645
  PCTINCREASE 0 FREELISTS 1 FREELIST GROUPS 1 BUFFER_POOL DEFAULT FLASH_CACHE DEFAULT CELL_FLASH_CACHE DEFAULT)
  TABLESPACE "SYSTEM" ;
--------------------------------------------------------
--  DDL for Index XPKARTWORK
--------------------------------------------------------

  CREATE UNIQUE INDEX "VER3"."XPKARTWORK" ON "VER3"."ARTWORK" ("ARTWORK_ID") 
  PCTFREE 10 INITRANS 2 MAXTRANS 255 COMPUTE STATISTICS 
  STORAGE(INITIAL 65536 NEXT 1048576 MINEXTENTS 1 MAXEXTENTS 2147483645
  PCTINCREASE 0 FREELISTS 1 FREELIST GROUPS 1 BUFFER_POOL DEFAULT FLASH_CACHE DEFAULT CELL_FLASH_CACHE DEFAULT)
  TABLESPACE "SYSTEM" ;
--------------------------------------------------------
--  DDL for Index XPKCITY
--------------------------------------------------------

  CREATE UNIQUE INDEX "VER3"."XPKCITY" ON "VER3"."CITY" ("CITY_ID") 
  PCTFREE 10 INITRANS 2 MAXTRANS 255 COMPUTE STATISTICS 
  STORAGE(INITIAL 65536 NEXT 1048576 MINEXTENTS 1 MAXEXTENTS 2147483645
  PCTINCREASE 0 FREELISTS 1 FREELIST GROUPS 1 BUFFER_POOL DEFAULT FLASH_CACHE DEFAULT CELL_FLASH_CACHE DEFAULT)
  TABLESPACE "SYSTEM" ;
--------------------------------------------------------
--  DDL for Index XPKPAINT_TYPES
--------------------------------------------------------

  CREATE UNIQUE INDEX "VER3"."XPKPAINT_TYPES" ON "VER3"."PAINT_TYPES" ("PAINTTYPE_ID") 
  PCTFREE 10 INITRANS 2 MAXTRANS 255 COMPUTE STATISTICS 
  STORAGE(INITIAL 65536 NEXT 1048576 MINEXTENTS 1 MAXEXTENTS 2147483645
  PCTINCREASE 0 FREELISTS 1 FREELIST GROUPS 1 BUFFER_POOL DEFAULT FLASH_CACHE DEFAULT CELL_FLASH_CACHE DEFAULT)
  TABLESPACE "SYSTEM" ;
--------------------------------------------------------
--  DDL for Index XPKPAINTER
--------------------------------------------------------

  CREATE UNIQUE INDEX "VER3"."XPKPAINTER" ON "VER3"."PAINTER" ("PAINTER_ID") 
  PCTFREE 10 INITRANS 2 MAXTRANS 255 COMPUTE STATISTICS 
  STORAGE(INITIAL 65536 NEXT 1048576 MINEXTENTS 1 MAXEXTENTS 2147483645
  PCTINCREASE 0 FREELISTS 1 FREELIST GROUPS 1 BUFFER_POOL DEFAULT FLASH_CACHE DEFAULT CELL_FLASH_CACHE DEFAULT)
  TABLESPACE "SYSTEM" ;
--------------------------------------------------------
--  DDL for Index XPKARTIST
--------------------------------------------------------

  CREATE UNIQUE INDEX "VER3"."XPKARTIST" ON "VER3"."ARTIST" ("ARTIST_ID") 
  PCTFREE 10 INITRANS 2 MAXTRANS 255 COMPUTE STATISTICS 
  STORAGE(INITIAL 65536 NEXT 1048576 MINEXTENTS 1 MAXEXTENTS 2147483645
  PCTINCREASE 0 FREELISTS 1 FREELIST GROUPS 1 BUFFER_POOL DEFAULT FLASH_CACHE DEFAULT CELL_FLASH_CACHE DEFAULT)
  TABLESPACE "SYSTEM" ;
--------------------------------------------------------
--  DDL for Index XPKSCULPTOR
--------------------------------------------------------

  CREATE UNIQUE INDEX "VER3"."XPKSCULPTOR" ON "VER3"."SCULPTOR" ("SCULPTOR_ID") 
  PCTFREE 10 INITRANS 2 MAXTRANS 255 COMPUTE STATISTICS 
  STORAGE(INITIAL 65536 NEXT 1048576 MINEXTENTS 1 MAXEXTENTS 2147483645
  PCTINCREASE 0 FREELISTS 1 FREELIST GROUPS 1 BUFFER_POOL DEFAULT FLASH_CACHE DEFAULT CELL_FLASH_CACHE DEFAULT)
  TABLESPACE "SYSTEM" ;
--------------------------------------------------------
--  DDL for Index XPKRARITY
--------------------------------------------------------

  CREATE UNIQUE INDEX "VER3"."XPKRARITY" ON "VER3"."RARITY" ("RARITY_ID") 
  PCTFREE 10 INITRANS 2 MAXTRANS 255 COMPUTE STATISTICS 
  STORAGE(INITIAL 65536 NEXT 1048576 MINEXTENTS 1 MAXEXTENTS 2147483645
  PCTINCREASE 0 FREELISTS 1 FREELIST GROUPS 1 BUFFER_POOL DEFAULT FLASH_CACHE DEFAULT CELL_FLASH_CACHE DEFAULT)
  TABLESPACE "SYSTEM" ;
--------------------------------------------------------
--  DDL for Index XPKMATERIALS
--------------------------------------------------------

  CREATE UNIQUE INDEX "VER3"."XPKMATERIALS" ON "VER3"."MATERIALS" ("MATERIAL_ID") 
  PCTFREE 10 INITRANS 2 MAXTRANS 255 COMPUTE STATISTICS 
  STORAGE(INITIAL 65536 NEXT 1048576 MINEXTENTS 1 MAXEXTENTS 2147483645
  PCTINCREASE 0 FREELISTS 1 FREELIST GROUPS 1 BUFFER_POOL DEFAULT FLASH_CACHE DEFAULT CELL_FLASH_CACHE DEFAULT)
  TABLESPACE "SYSTEM" ;
--------------------------------------------------------
--  DDL for Index XPKPLACE
--------------------------------------------------------

  CREATE UNIQUE INDEX "VER3"."XPKPLACE" ON "VER3"."PLACE" ("PLACE_ID") 
  PCTFREE 10 INITRANS 2 MAXTRANS 255 COMPUTE STATISTICS 
  STORAGE(INITIAL 65536 NEXT 1048576 MINEXTENTS 1 MAXEXTENTS 2147483645
  PCTINCREASE 0 FREELISTS 1 FREELIST GROUPS 1 BUFFER_POOL DEFAULT FLASH_CACHE DEFAULT CELL_FLASH_CACHE DEFAULT)
  TABLESPACE "SYSTEM" ;
--------------------------------------------------------
--  DDL for Index XPKPARTICIPANTS
--------------------------------------------------------

  CREATE UNIQUE INDEX "VER3"."XPKPARTICIPANTS" ON "VER3"."PARTICIPANTS" ("PARTICIPANT_ID") 
  PCTFREE 10 INITRANS 2 MAXTRANS 255 COMPUTE STATISTICS 
  STORAGE(INITIAL 65536 NEXT 1048576 MINEXTENTS 1 MAXEXTENTS 2147483645
  PCTINCREASE 0 FREELISTS 1 FREELIST GROUPS 1 BUFFER_POOL DEFAULT FLASH_CACHE DEFAULT CELL_FLASH_CACHE DEFAULT)
  TABLESPACE "SYSTEM" ;
--------------------------------------------------------
--  DDL for Trigger CREATE_TRG_AUDIT
--------------------------------------------------------

  CREATE OR REPLACE TRIGGER "VER3"."CREATE_TRG_AUDIT" 
after create on schema
begin
   insert into create_audit (created_date, object_type, object_name, created_by)
   values (sysdate, ora_dict_obj_type, ora_dict_obj_name, ora_dict_obj_owner);
end create_trg_audit;
/
ALTER TRIGGER "VER3"."CREATE_TRG_AUDIT" ENABLE;
--------------------------------------------------------
--  DDL for Trigger CREATE_TRG_AUDIT2
--------------------------------------------------------

  CREATE OR REPLACE TRIGGER "VER3"."CREATE_TRG_AUDIT2" 
after create on database
begin
   insert into create_audit (created_date, object_type, object_name, created_by)
   values (sysdate, ora_dict_obj_type, ora_dict_obj_name, ora_dict_obj_owner);
end create_trg_audit;
/
ALTER TRIGGER "VER3"."CREATE_TRG_AUDIT2" ENABLE;
--------------------------------------------------------
--  DDL for Trigger DELETE_DISABLING_TRIGGER
--------------------------------------------------------

  CREATE OR REPLACE TRIGGER "VER3"."DELETE_DISABLING_TRIGGER" 
  before drop on schema
begin
    if(ORA_DICT_OBJ_NAME = 'TESTTAB') then --and ORA_DICT_OBJ_OWNER = 'YOUR_SCHEMA'  
    dbms_output.put_line('delete_disabling_trigger');
    RAISE_APPLICATION_ERROR(-20000,'Cant delete this table');
    end if;
end;
/
ALTER TRIGGER "VER3"."DELETE_DISABLING_TRIGGER" ENABLE;
--------------------------------------------------------
--  DDL for Trigger TD_ARTIST
--------------------------------------------------------

  CREATE OR REPLACE TRIGGER "VER3"."TD_ARTIST" AFTER DELETE ON Artist for each row
-- erwin Builtin Trigger
-- DELETE trigger on Artist 
DECLARE NUMROWS INTEGER;
BEGIN
    /* erwin Builtin Trigger */
    /* Artist  Painter on parent delete set null */
    /* ERWIN_RELATION:CHECKSUM="00024413", PARENT_OWNER="", PARENT_TABLE="Artist"
    CHILD_OWNER="", CHILD_TABLE="Painter"
    P2C_VERB_PHRASE="", C2P_VERB_PHRASE="", 
    FK_CONSTRAINT="R_60", FK_COLUMNS="Artist_ID" */
    UPDATE Painter
      SET
        /* %SetFK(Painter,NULL) */
        Painter.Artist_ID = NULL
      WHERE
        /* %JoinFKPK(Painter,:%Old," = "," AND") */
        Painter.Artist_ID = :old.Artist_ID;

    /* erwin Builtin Trigger */
    /* Artist  Sculptor on parent delete set null */
    /* ERWIN_RELATION:CHECKSUM="00000000", PARENT_OWNER="", PARENT_TABLE="Artist"
    CHILD_OWNER="", CHILD_TABLE="Sculptor"
    P2C_VERB_PHRASE="", C2P_VERB_PHRASE="", 
    FK_CONSTRAINT="R_59", FK_COLUMNS="Artist_ID" */
    UPDATE Sculptor
      SET
        /* %SetFK(Sculptor,NULL) */
        Sculptor.Artist_ID = NULL
      WHERE
        /* %JoinFKPK(Sculptor,:%Old," = "," AND") */
        Sculptor.Artist_ID = :old.Artist_ID;

    /* erwin Builtin Trigger */
    /* Artist  Participants on parent delete set null */
    /* ERWIN_RELATION:CHECKSUM="00000000", PARENT_OWNER="", PARENT_TABLE="Artist"
    CHILD_OWNER="", CHILD_TABLE="Participants"
    P2C_VERB_PHRASE="", C2P_VERB_PHRASE="", 
    FK_CONSTRAINT="R_57", FK_COLUMNS="Artist_ID" */
    UPDATE Participants
      SET
        /* %SetFK(Participants,NULL) */
        Participants.Artist_ID = NULL
      WHERE
        /* %JoinFKPK(Participants,:%Old," = "," AND") */
        Participants.Artist_ID = :old.Artist_ID;


-- erwin Builtin Trigger
END;

/
ALTER TRIGGER "VER3"."TD_ARTIST" ENABLE;
--------------------------------------------------------
--  DDL for Trigger TD_ARTWORK
--------------------------------------------------------

  CREATE OR REPLACE TRIGGER "VER3"."TD_ARTWORK" AFTER DELETE ON Artwork for each row
-- erwin Builtin Trigger
-- DELETE trigger on Artwork 
DECLARE NUMROWS INTEGER;
BEGIN
    /* erwin Builtin Trigger */
    /* Artwork  Rarity on parent delete set null */
    /* ERWIN_RELATION:CHECKSUM="0000b1dd", PARENT_OWNER="", PARENT_TABLE="Artwork"
    CHILD_OWNER="", CHILD_TABLE="Rarity"
    P2C_VERB_PHRASE="", C2P_VERB_PHRASE="", 
    FK_CONSTRAINT="R_40", FK_COLUMNS="Artwork_ID" */
    UPDATE Rarity
      SET
        /* %SetFK(Rarity,NULL) */
        Rarity.Artwork_ID = NULL
      WHERE
        /* %JoinFKPK(Rarity,:%Old," = "," AND") */
        Rarity.Artwork_ID = :old.Artwork_ID;


-- erwin Builtin Trigger
END;

/
ALTER TRIGGER "VER3"."TD_ARTWORK" ENABLE;
--------------------------------------------------------
--  DDL for Trigger TD_EXHIBITION
--------------------------------------------------------

  CREATE OR REPLACE TRIGGER "VER3"."TD_EXHIBITION" AFTER DELETE ON Exhibition for each row
-- erwin Builtin Trigger
-- DELETE trigger on Exhibition 
DECLARE NUMROWS INTEGER;
BEGIN
    /* erwin Builtin Trigger */
    /* Exhibition  Participants on parent delete restrict */
    /* ERWIN_RELATION:CHECKSUM="0000e460", PARENT_OWNER="", PARENT_TABLE="Exhibition"
    CHILD_OWNER="", CHILD_TABLE="Participants"
    P2C_VERB_PHRASE="", C2P_VERB_PHRASE="", 
    FK_CONSTRAINT="R_18", FK_COLUMNS="Exhibition_ID" */
    SELECT count(*) INTO NUMROWS
      FROM Participants
      WHERE
        /*  %JoinFKPK(Participants,:%Old," = "," AND") */
        Participants.Exhibition_ID = :old.Exhibition_ID;
    IF (NUMROWS > 0)
    THEN
      raise_application_error(
        -20001,
        'Cannot delete Exhibition because Participants exists.'
      );
    END IF;


-- erwin Builtin Trigger
END;

/
ALTER TRIGGER "VER3"."TD_EXHIBITION" ENABLE;
--------------------------------------------------------
--  DDL for Trigger TD_MATERIALS
--------------------------------------------------------

  CREATE OR REPLACE TRIGGER "VER3"."TD_MATERIALS" AFTER DELETE ON Materials for each row
-- erwin Builtin Trigger
-- DELETE trigger on Materials 
DECLARE NUMROWS INTEGER;
BEGIN
    /* erwin Builtin Trigger */
    /* Materials  Sculptor on parent delete set null */
    /* ERWIN_RELATION:CHECKSUM="0000b80c", PARENT_OWNER="", PARENT_TABLE="Materials"
    CHILD_OWNER="", CHILD_TABLE="Sculptor"
    P2C_VERB_PHRASE="", C2P_VERB_PHRASE="", 
    FK_CONSTRAINT="R_38", FK_COLUMNS="Material_ID" */
    UPDATE Sculptor
      SET
        /* %SetFK(Sculptor,NULL) */
        Sculptor.Material_ID = NULL
      WHERE
        /* %JoinFKPK(Sculptor,:%Old," = "," AND") */
        Sculptor.Material_ID = :old.Material_ID;


-- erwin Builtin Trigger
END;

/
ALTER TRIGGER "VER3"."TD_MATERIALS" ENABLE;
--------------------------------------------------------
--  DDL for Trigger TD_PAINT_TYPES
--------------------------------------------------------

  CREATE OR REPLACE TRIGGER "VER3"."TD_PAINT_TYPES" AFTER DELETE ON Paint_Types for each row
-- erwin Builtin Trigger
-- DELETE trigger on Paint_Types 
DECLARE NUMROWS INTEGER;
BEGIN
    /* erwin Builtin Trigger */
    /* Paint_Types  Painter on parent delete set null */
    /* ERWIN_RELATION:CHECKSUM="0000bb3d", PARENT_OWNER="", PARENT_TABLE="Paint_Types"
    CHILD_OWNER="", CHILD_TABLE="Painter"
    P2C_VERB_PHRASE="", C2P_VERB_PHRASE="", 
    FK_CONSTRAINT="R_39", FK_COLUMNS="PaintType_ID" */
    UPDATE Painter
      SET
        /* %SetFK(Painter,NULL) */
        Painter.PaintType_ID = NULL
      WHERE
        /* %JoinFKPK(Painter,:%Old," = "," AND") */
        Painter.PaintType_ID = :old.PaintType_ID;


-- erwin Builtin Trigger
END;

/
ALTER TRIGGER "VER3"."TD_PAINT_TYPES" ENABLE;
--------------------------------------------------------
--  DDL for Trigger TD_PLACE
--------------------------------------------------------

  CREATE OR REPLACE TRIGGER "VER3"."TD_PLACE" AFTER DELETE ON Place for each row
-- erwin Builtin Trigger
-- DELETE trigger on Place 
DECLARE NUMROWS INTEGER;
BEGIN
    /* erwin Builtin Trigger */
    /* Place  Artwork on parent delete restrict */
    /* ERWIN_RELATION:CHECKSUM="0001b75f", PARENT_OWNER="", PARENT_TABLE="Place"
    CHILD_OWNER="", CHILD_TABLE="Artwork"
    P2C_VERB_PHRASE="", C2P_VERB_PHRASE="", 
    FK_CONSTRAINT="R_27", FK_COLUMNS="Place_ID" */
    SELECT count(*) INTO NUMROWS
      FROM Artwork
      WHERE
        /*  %JoinFKPK(Artwork,:%Old," = "," AND") */
        Artwork.Place_ID = :old.Place_ID;
    IF (NUMROWS > 0)
    THEN
      raise_application_error(
        -20001,
        'Cannot delete Place because Artwork exists.'
      );
    END IF;

    /* erwin Builtin Trigger */
    /* Place  Exhibition on parent delete restrict */
    /* ERWIN_RELATION:CHECKSUM="00000000", PARENT_OWNER="", PARENT_TABLE="Place"
    CHILD_OWNER="", CHILD_TABLE="Exhibition"
    P2C_VERB_PHRASE="", C2P_VERB_PHRASE="", 
    FK_CONSTRAINT="R_20", FK_COLUMNS="Place_ID" */
    SELECT count(*) INTO NUMROWS
      FROM Exhibition
      WHERE
        /*  %JoinFKPK(Exhibition,:%Old," = "," AND") */
        Exhibition.Place_ID = :old.Place_ID;
    IF (NUMROWS > 0)
    THEN
      raise_application_error(
        -20001,
        'Cannot delete Place because Exhibition exists.'
      );
    END IF;


-- erwin Builtin Trigger
END;

/
ALTER TRIGGER "VER3"."TD_PLACE" ENABLE;
--------------------------------------------------------
--  DDL for Trigger TI_ARTIST
--------------------------------------------------------

  CREATE OR REPLACE TRIGGER "VER3"."TI_ARTIST" BEFORE INSERT ON Artist for each row
-- erwin Builtin Trigger
-- INSERT trigger on Artist 
DECLARE NUMROWS INTEGER;
BEGIN
    /* erwin Builtin Trigger */
    /* City  Artist on child insert set null */
    /* ERWIN_RELATION:CHECKSUM="0000d7db", PARENT_OWNER="", PARENT_TABLE="City"
    CHILD_OWNER="", CHILD_TABLE="Artist"
    P2C_VERB_PHRASE="", C2P_VERB_PHRASE="", 
    FK_CONSTRAINT="R_56", FK_COLUMNS="City_ID" */
    UPDATE Artist
      SET
        /* %SetFK(Artist,NULL) */
        Artist.City_ID = NULL
      WHERE
        NOT EXISTS (
          SELECT * FROM City
            WHERE
              /* %JoinFKPK(:%New,City," = "," AND") */
              :new.City_ID = City.City_ID
        ) 
        /* %JoinPKPK(Artist,:%New," = "," AND") */
         and Artist.Artist_ID = :new.Artist_ID;


-- erwin Builtin Trigger
END;

/
ALTER TRIGGER "VER3"."TI_ARTIST" ENABLE;
--------------------------------------------------------
--  DDL for Trigger TI_ARTWORK
--------------------------------------------------------

  CREATE OR REPLACE TRIGGER "VER3"."TI_ARTWORK" BEFORE INSERT ON Artwork for each row
-- erwin Builtin Trigger
-- INSERT trigger on Artwork 
DECLARE NUMROWS INTEGER;
BEGIN
    /* erwin Builtin Trigger */
    /* Place  Artwork on child insert restrict */
    /* ERWIN_RELATION:CHECKSUM="0000d7c2", PARENT_OWNER="", PARENT_TABLE="Place"
    CHILD_OWNER="", CHILD_TABLE="Artwork"
    P2C_VERB_PHRASE="", C2P_VERB_PHRASE="", 
    FK_CONSTRAINT="R_27", FK_COLUMNS="Place_ID" */
    SELECT count(*) INTO NUMROWS
      FROM Place
      WHERE
        /* %JoinFKPK(:%New,Place," = "," AND") */
        :new.Place_ID = Place.Place_ID;
    IF (
      /* %NotnullFK(:%New," IS NOT NULL AND") */
      
      NUMROWS = 0
    )
    THEN
      raise_application_error(
        -20002,
        'Cannot insert Artwork because Place does not exist.'
      );
    END IF;


-- erwin Builtin Trigger
END;

/
ALTER TRIGGER "VER3"."TI_ARTWORK" ENABLE;
--------------------------------------------------------
--  DDL for Trigger TI_EXHIBITION
--------------------------------------------------------

  CREATE OR REPLACE TRIGGER "VER3"."TI_EXHIBITION" BEFORE INSERT ON Exhibition for each row
-- erwin Builtin Trigger
-- INSERT trigger on Exhibition 
DECLARE NUMROWS INTEGER;
BEGIN
    /* erwin Builtin Trigger */
    /* Place  Exhibition on child insert restrict */
    /* ERWIN_RELATION:CHECKSUM="0000d5ec", PARENT_OWNER="", PARENT_TABLE="Place"
    CHILD_OWNER="", CHILD_TABLE="Exhibition"
    P2C_VERB_PHRASE="", C2P_VERB_PHRASE="", 
    FK_CONSTRAINT="R_20", FK_COLUMNS="Place_ID" */
    SELECT count(*) INTO NUMROWS
      FROM Place
      WHERE
        /* %JoinFKPK(:%New,Place," = "," AND") */
        :new.Place_ID = Place.Place_ID;
    IF (
      /* %NotnullFK(:%New," IS NOT NULL AND") */
      
      NUMROWS = 0
    )
    THEN
      raise_application_error(
        -20002,
        'Cannot insert Exhibition because Place does not exist.'
      );
    END IF;


-- erwin Builtin Trigger
END;

/
ALTER TRIGGER "VER3"."TI_EXHIBITION" ENABLE;
--------------------------------------------------------
--  DDL for Trigger TI_PAINTER
--------------------------------------------------------

  CREATE OR REPLACE TRIGGER "VER3"."TI_PAINTER" BEFORE INSERT ON Painter for each row
-- erwin Builtin Trigger
-- INSERT trigger on Painter 
DECLARE NUMROWS INTEGER;
BEGIN
    /* erwin Builtin Trigger */
    /* Artist  Painter on child insert set null */
    /* ERWIN_RELATION:CHECKSUM="0001e292", PARENT_OWNER="", PARENT_TABLE="Artist"
    CHILD_OWNER="", CHILD_TABLE="Painter"
    P2C_VERB_PHRASE="", C2P_VERB_PHRASE="", 
    FK_CONSTRAINT="R_60", FK_COLUMNS="Artist_ID" */
    UPDATE Painter
      SET
        /* %SetFK(Painter,NULL) */
        Painter.Artist_ID = NULL
      WHERE
        NOT EXISTS (
          SELECT * FROM Artist
            WHERE
              /* %JoinFKPK(:%New,Artist," = "," AND") */
              :new.Artist_ID = Artist.Artist_ID
        ) 
        /* %JoinPKPK(Painter,:%New," = "," AND") */
         and Painter.Painter_ID = :new.Painter_ID;

    /* erwin Builtin Trigger */
    /* Paint_Types  Painter on child insert set null */
    /* ERWIN_RELATION:CHECKSUM="00000000", PARENT_OWNER="", PARENT_TABLE="Paint_Types"
    CHILD_OWNER="", CHILD_TABLE="Painter"
    P2C_VERB_PHRASE="", C2P_VERB_PHRASE="", 
    FK_CONSTRAINT="R_39", FK_COLUMNS="PaintType_ID" */
    UPDATE Painter
      SET
        /* %SetFK(Painter,NULL) */
        Painter.PaintType_ID = NULL
      WHERE
        NOT EXISTS (
          SELECT * FROM Paint_Types
            WHERE
              /* %JoinFKPK(:%New,Paint_Types," = "," AND") */
              :new.PaintType_ID = Paint_Types.PaintType_ID
        ) 
        /* %JoinPKPK(Painter,:%New," = "," AND") */
         and Painter.Painter_ID = :new.Painter_ID;


-- erwin Builtin Trigger
END;

/
ALTER TRIGGER "VER3"."TI_PAINTER" ENABLE;
--------------------------------------------------------
--  DDL for Trigger TI_PARTICIPANTS
--------------------------------------------------------

  CREATE OR REPLACE TRIGGER "VER3"."TI_PARTICIPANTS" BEFORE INSERT ON Participants for each row
-- erwin Builtin Trigger
-- INSERT trigger on Participants 
DECLARE NUMROWS INTEGER;
BEGIN
    /* erwin Builtin Trigger */
    /* Artist  Participants on child insert set null */
    /* ERWIN_RELATION:CHECKSUM="00020c3c", PARENT_OWNER="", PARENT_TABLE="Artist"
    CHILD_OWNER="", CHILD_TABLE="Participants"
    P2C_VERB_PHRASE="", C2P_VERB_PHRASE="", 
    FK_CONSTRAINT="R_57", FK_COLUMNS="Artist_ID" */
    UPDATE Participants
      SET
        /* %SetFK(Participants,NULL) */
        Participants.Artist_ID = NULL
      WHERE
        NOT EXISTS (
          SELECT * FROM Artist
            WHERE
              /* %JoinFKPK(:%New,Artist," = "," AND") */
              :new.Artist_ID = Artist.Artist_ID
        ) 
        /* %JoinPKPK(Participants,:%New," = "," AND") */
         and Participants.Participant_ID = :new.Participant_ID;

    /* erwin Builtin Trigger */
    /* Exhibition  Participants on child insert restrict */
    /* ERWIN_RELATION:CHECKSUM="00000000", PARENT_OWNER="", PARENT_TABLE="Exhibition"
    CHILD_OWNER="", CHILD_TABLE="Participants"
    P2C_VERB_PHRASE="", C2P_VERB_PHRASE="", 
    FK_CONSTRAINT="R_18", FK_COLUMNS="Exhibition_ID" */
    SELECT count(*) INTO NUMROWS
      FROM Exhibition
      WHERE
        /* %JoinFKPK(:%New,Exhibition," = "," AND") */
        :new.Exhibition_ID = Exhibition.Exhibition_ID;
    IF (
      /* %NotnullFK(:%New," IS NOT NULL AND") */
      
      NUMROWS = 0
    )
    THEN
      raise_application_error(
        -20002,
        'Cannot insert Participants because Exhibition does not exist.'
      );
    END IF;


-- erwin Builtin Trigger
END;

/
ALTER TRIGGER "VER3"."TI_PARTICIPANTS" ENABLE;
--------------------------------------------------------
--  DDL for Trigger TI_PLACE
--------------------------------------------------------

  CREATE OR REPLACE TRIGGER "VER3"."TI_PLACE" BEFORE INSERT ON Place for each row
-- erwin Builtin Trigger
-- INSERT trigger on Place 
DECLARE NUMROWS INTEGER;
BEGIN
    /* erwin Builtin Trigger */
    /* City  Place on child insert restrict */
    /* ERWIN_RELATION:CHECKSUM="0000e164", PARENT_OWNER="", PARENT_TABLE="City"
    CHILD_OWNER="", CHILD_TABLE="Place"
    P2C_VERB_PHRASE="", C2P_VERB_PHRASE="", 
    FK_CONSTRAINT="R_29", FK_COLUMNS="City_ID" */
    SELECT count(*) INTO NUMROWS
      FROM City
      WHERE
        /* %JoinFKPK(:%New,City," = "," AND") */
        :new.City_ID = City.City_ID;
    IF (
      /* %NotnullFK(:%New," IS NOT NULL AND") */
      
      NUMROWS = 0
    )
    THEN
      raise_application_error(
        -20002,
        'Cannot insert Place because City does not exist.'
      );
    END IF;


-- erwin Builtin Trigger
END;

/
ALTER TRIGGER "VER3"."TI_PLACE" ENABLE;
--------------------------------------------------------
--  DDL for Trigger TI_RARITY
--------------------------------------------------------

  CREATE OR REPLACE TRIGGER "VER3"."TI_RARITY" BEFORE INSERT ON Rarity for each row
-- erwin Builtin Trigger
-- INSERT trigger on Rarity 
DECLARE NUMROWS INTEGER;
BEGIN
    /* erwin Builtin Trigger */
    /* Artwork  Rarity on child insert set null */
    /* ERWIN_RELATION:CHECKSUM="0000eb7d", PARENT_OWNER="", PARENT_TABLE="Artwork"
    CHILD_OWNER="", CHILD_TABLE="Rarity"
    P2C_VERB_PHRASE="", C2P_VERB_PHRASE="", 
    FK_CONSTRAINT="R_40", FK_COLUMNS="Artwork_ID" */
    UPDATE Rarity
      SET
        /* %SetFK(Rarity,NULL) */
        Rarity.Artwork_ID = NULL
      WHERE
        NOT EXISTS (
          SELECT * FROM Artwork
            WHERE
              /* %JoinFKPK(:%New,Artwork," = "," AND") */
              :new.Artwork_ID = Artwork.Artwork_ID
        ) 
        /* %JoinPKPK(Rarity,:%New," = "," AND") */
         and Rarity.Rarity_ID = :new.Rarity_ID;


-- erwin Builtin Trigger
END;

/
ALTER TRIGGER "VER3"."TI_RARITY" ENABLE;
--------------------------------------------------------
--  DDL for Trigger TI_SCULPTOR
--------------------------------------------------------

  CREATE OR REPLACE TRIGGER "VER3"."TI_SCULPTOR" BEFORE INSERT ON Sculptor for each row
-- erwin Builtin Trigger
-- INSERT trigger on Sculptor 
DECLARE NUMROWS INTEGER;
BEGIN
    /* erwin Builtin Trigger */
    /* Artist  Sculptor on child insert set null */
    /* ERWIN_RELATION:CHECKSUM="0001f0aa", PARENT_OWNER="", PARENT_TABLE="Artist"
    CHILD_OWNER="", CHILD_TABLE="Sculptor"
    P2C_VERB_PHRASE="", C2P_VERB_PHRASE="", 
    FK_CONSTRAINT="R_59", FK_COLUMNS="Artist_ID" */
    UPDATE Sculptor
      SET
        /* %SetFK(Sculptor,NULL) */
        Sculptor.Artist_ID = NULL
      WHERE
        NOT EXISTS (
          SELECT * FROM Artist
            WHERE
              /* %JoinFKPK(:%New,Artist," = "," AND") */
              :new.Artist_ID = Artist.Artist_ID
        ) 
        /* %JoinPKPK(Sculptor,:%New," = "," AND") */
         and Sculptor.Sculptor_ID = :new.Sculptor_ID;

    /* erwin Builtin Trigger */
    /* Materials  Sculptor on child insert set null */
    /* ERWIN_RELATION:CHECKSUM="00000000", PARENT_OWNER="", PARENT_TABLE="Materials"
    CHILD_OWNER="", CHILD_TABLE="Sculptor"
    P2C_VERB_PHRASE="", C2P_VERB_PHRASE="", 
    FK_CONSTRAINT="R_38", FK_COLUMNS="Material_ID" */
    UPDATE Sculptor
      SET
        /* %SetFK(Sculptor,NULL) */
        Sculptor.Material_ID = NULL
      WHERE
        NOT EXISTS (
          SELECT * FROM Materials
            WHERE
              /* %JoinFKPK(:%New,Materials," = "," AND") */
              :new.Material_ID = Materials.Material_ID
        ) 
        /* %JoinPKPK(Sculptor,:%New," = "," AND") */
         and Sculptor.Sculptor_ID = :new.Sculptor_ID;


-- erwin Builtin Trigger
END;

/
ALTER TRIGGER "VER3"."TI_SCULPTOR" ENABLE;
--------------------------------------------------------
--  DDL for Trigger TRG_CHECK_DATES
--------------------------------------------------------

  CREATE OR REPLACE TRIGGER "VER3"."TRG_CHECK_DATES" 
  BEFORE INSERT OR UPDATE ON EXHIBITION
  FOR EACH ROW
BEGIN
  IF( :new.EXDATE <= SYSDATE )
  THEN
    RAISE_APPLICATION_ERROR( -20001, 
          'Invalid Exhibition Date: ExDate must be greater than the current date - value = ' || 
          to_char( :new.EXDATE, 'MM-DD-YYYY HH24:MI:SS' ) );
  END IF;

END;
/
ALTER TRIGGER "VER3"."TRG_CHECK_DATES" ENABLE;
--------------------------------------------------------
--  DDL for Trigger TRG_TEST
--------------------------------------------------------

  CREATE OR REPLACE TRIGGER "VER3"."TRG_TEST" 
   BEFORE CREATE OR ALTER OR DROP ON SCHEMA
DECLARE
   CURSOR get_column_name(i_owner IN VARCHAR2,i_obj_name IN VARCHAR2)
   IS
      SELECT column_name
        FROM all_tab_columns
       WHERE owner = i_owner AND table_name = i_obj_name;

--   pcolumn_name   dba_tab_columns.column_name%TYPE;
BEGIN
   IF (    ora_dict_obj_type = 'TABLE'
       AND ora_sysevent IN ('ALTER')
       AND ora_dict_obj_owner = 'SYS'
      )
   THEN
      FOR x IN get_column_name(ora_dict_obj_owner ,ora_dict_obj_name)
      LOOP
         IF ora_is_drop_column (x.column_name)
         THEN
            dbms_output.put_line('Deleted column :' || x.column_name)
         END IF;
         IF ora_is_alter_column (x.column_name)
         THEN
            dbms_output.put_line('Newly added column :' || x.column_name)
         END IF;
      END LOOP;

   END IF;
END;
/
ALTER TRIGGER "VER3"."TRG_TEST" ENABLE;
--------------------------------------------------------
--  DDL for Trigger TU_ARTIST
--------------------------------------------------------

  CREATE OR REPLACE TRIGGER "VER3"."TU_ARTIST" AFTER UPDATE ON Artist for each row
-- erwin Builtin Trigger
-- UPDATE trigger on Artist 
DECLARE NUMROWS INTEGER;
BEGIN
  /* Artist  Painter on parent update set null */
  /* ERWIN_RELATION:CHECKSUM="0003a322", PARENT_OWNER="", PARENT_TABLE="Artist"
    CHILD_OWNER="", CHILD_TABLE="Painter"
    P2C_VERB_PHRASE="", C2P_VERB_PHRASE="", 
    FK_CONSTRAINT="R_60", FK_COLUMNS="Artist_ID" */
  IF
    /* %JoinPKPK(:%Old,:%New," <> "," OR ") */
    :old.Artist_ID <> :new.Artist_ID
  THEN
    UPDATE Painter
      SET
        /* %SetFK(Painter,NULL) */
        Painter.Artist_ID = NULL
      WHERE
        /* %JoinFKPK(Painter,:%Old," = ",",") */
        Painter.Artist_ID = :old.Artist_ID;
  END IF;

  /* Artist  Sculptor on parent update set null */
  /* ERWIN_RELATION:CHECKSUM="00000000", PARENT_OWNER="", PARENT_TABLE="Artist"
    CHILD_OWNER="", CHILD_TABLE="Sculptor"
    P2C_VERB_PHRASE="", C2P_VERB_PHRASE="", 
    FK_CONSTRAINT="R_59", FK_COLUMNS="Artist_ID" */
  IF
    /* %JoinPKPK(:%Old,:%New," <> "," OR ") */
    :old.Artist_ID <> :new.Artist_ID
  THEN
    UPDATE Sculptor
      SET
        /* %SetFK(Sculptor,NULL) */
        Sculptor.Artist_ID = NULL
      WHERE
        /* %JoinFKPK(Sculptor,:%Old," = ",",") */
        Sculptor.Artist_ID = :old.Artist_ID;
  END IF;

  /* Artist  Participants on parent update set null */
  /* ERWIN_RELATION:CHECKSUM="00000000", PARENT_OWNER="", PARENT_TABLE="Artist"
    CHILD_OWNER="", CHILD_TABLE="Participants"
    P2C_VERB_PHRASE="", C2P_VERB_PHRASE="", 
    FK_CONSTRAINT="R_57", FK_COLUMNS="Artist_ID" */
  IF
    /* %JoinPKPK(:%Old,:%New," <> "," OR ") */
    :old.Artist_ID <> :new.Artist_ID
  THEN
    UPDATE Participants
      SET
        /* %SetFK(Participants,NULL) */
        Participants.Artist_ID = NULL
      WHERE
        /* %JoinFKPK(Participants,:%Old," = ",",") */
        Participants.Artist_ID = :old.Artist_ID;
  END IF;

  /* erwin Builtin Trigger */
  /* City  Artist on child update no action */
  /* ERWIN_RELATION:CHECKSUM="00000000", PARENT_OWNER="", PARENT_TABLE="City"
    CHILD_OWNER="", CHILD_TABLE="Artist"
    P2C_VERB_PHRASE="", C2P_VERB_PHRASE="", 
    FK_CONSTRAINT="R_56", FK_COLUMNS="City_ID" */
  SELECT count(*) INTO NUMROWS
    FROM City
    WHERE
      /* %JoinFKPK(:%New,City," = "," AND") */
      :new.City_ID = City.City_ID;
  IF (
    /* %NotnullFK(:%New," IS NOT NULL AND") */
    :new.City_ID IS NOT NULL AND
    NUMROWS = 0
  )
  THEN
    raise_application_error(
      -20007,
      'Cannot update Artist because City does not exist.'
    );
  END IF;


-- erwin Builtin Trigger
END;

/
ALTER TRIGGER "VER3"."TU_ARTIST" ENABLE;
--------------------------------------------------------
--  DDL for Trigger TU_ARTWORK
--------------------------------------------------------

  CREATE OR REPLACE TRIGGER "VER3"."TU_ARTWORK" AFTER UPDATE ON Artwork for each row
-- erwin Builtin Trigger
-- UPDATE trigger on Artwork 
DECLARE NUMROWS INTEGER;
BEGIN
  /* Artwork  Rarity on parent update set null */
  /* ERWIN_RELATION:CHECKSUM="0001c76c", PARENT_OWNER="", PARENT_TABLE="Artwork"
    CHILD_OWNER="", CHILD_TABLE="Rarity"
    P2C_VERB_PHRASE="", C2P_VERB_PHRASE="", 
    FK_CONSTRAINT="R_40", FK_COLUMNS="Artwork_ID" */
  IF
    /* %JoinPKPK(:%Old,:%New," <> "," OR ") */
    :old.Artwork_ID <> :new.Artwork_ID
  THEN
    UPDATE Rarity
      SET
        /* %SetFK(Rarity,NULL) */
        Rarity.Artwork_ID = NULL
      WHERE
        /* %JoinFKPK(Rarity,:%Old," = ",",") */
        Rarity.Artwork_ID = :old.Artwork_ID;
  END IF;

  /* erwin Builtin Trigger */
  /* Place  Artwork on child update restrict */
  /* ERWIN_RELATION:CHECKSUM="00000000", PARENT_OWNER="", PARENT_TABLE="Place"
    CHILD_OWNER="", CHILD_TABLE="Artwork"
    P2C_VERB_PHRASE="", C2P_VERB_PHRASE="", 
    FK_CONSTRAINT="R_27", FK_COLUMNS="Place_ID" */
  SELECT count(*) INTO NUMROWS
    FROM Place
    WHERE
      /* %JoinFKPK(:%New,Place," = "," AND") */
      :new.Place_ID = Place.Place_ID;
  IF (
    /* %NotnullFK(:%New," IS NOT NULL AND") */
    
    NUMROWS = 0
  )
  THEN
    raise_application_error(
      -20007,
      'Cannot update Artwork because Place does not exist.'
    );
  END IF;


-- erwin Builtin Trigger
END;

/
ALTER TRIGGER "VER3"."TU_ARTWORK" ENABLE;
--------------------------------------------------------
--  DDL for Trigger TU_CITY
--------------------------------------------------------

  CREATE OR REPLACE TRIGGER "VER3"."TU_CITY" AFTER UPDATE ON City for each row
-- erwin Builtin Trigger
-- UPDATE trigger on City 
DECLARE NUMROWS INTEGER;
BEGIN
  /* City  Artist on parent update set null */
  /* ERWIN_RELATION:CHECKSUM="0001d298", PARENT_OWNER="", PARENT_TABLE="City"
    CHILD_OWNER="", CHILD_TABLE="Artist"
    P2C_VERB_PHRASE="", C2P_VERB_PHRASE="", 
    FK_CONSTRAINT="R_56", FK_COLUMNS="City_ID" */
  IF
    /* %JoinPKPK(:%Old,:%New," <> "," OR ") */
    :old.City_ID <> :new.City_ID
  THEN
    UPDATE Artist
      SET
        /* %SetFK(Artist,NULL) */
        Artist.City_ID = NULL
      WHERE
        /* %JoinFKPK(Artist,:%Old," = ",",") */
        Artist.City_ID = :old.City_ID;
  END IF;

  /* erwin Builtin Trigger */
  /* City  Place on parent update restrict */
  /* ERWIN_RELATION:CHECKSUM="00000000", PARENT_OWNER="", PARENT_TABLE="City"
    CHILD_OWNER="", CHILD_TABLE="Place"
    P2C_VERB_PHRASE="", C2P_VERB_PHRASE="", 
    FK_CONSTRAINT="R_29", FK_COLUMNS="City_ID" */
  IF
    /* %JoinPKPK(:%Old,:%New," <> "," OR ") */
    :old.City_ID <> :new.City_ID
  THEN
    SELECT count(*) INTO NUMROWS
      FROM Place
      WHERE
        /*  %JoinFKPK(Place,:%Old," = "," AND") */
        Place.City_ID = :old.City_ID;
    IF (NUMROWS > 0)
    THEN 
      raise_application_error(
        -20005,
        'Cannot update City because Place exists.'
      );
    END IF;
  END IF;


-- erwin Builtin Trigger
END;

/
ALTER TRIGGER "VER3"."TU_CITY" ENABLE;
--------------------------------------------------------
--  DDL for Trigger TU_EXHIBITION
--------------------------------------------------------

  CREATE OR REPLACE TRIGGER "VER3"."TU_EXHIBITION" AFTER UPDATE ON Exhibition for each row
-- erwin Builtin Trigger
-- UPDATE trigger on Exhibition 
DECLARE NUMROWS INTEGER;
BEGIN
  /* erwin Builtin Trigger */
  /* Exhibition  Participants on parent update restrict */
  /* ERWIN_RELATION:CHECKSUM="00021661", PARENT_OWNER="", PARENT_TABLE="Exhibition"
    CHILD_OWNER="", CHILD_TABLE="Participants"
    P2C_VERB_PHRASE="", C2P_VERB_PHRASE="", 
    FK_CONSTRAINT="R_18", FK_COLUMNS="Exhibition_ID" */
  IF
    /* %JoinPKPK(:%Old,:%New," <> "," OR ") */
    :old.Exhibition_ID <> :new.Exhibition_ID
  THEN
    SELECT count(*) INTO NUMROWS
      FROM Participants
      WHERE
        /*  %JoinFKPK(Participants,:%Old," = "," AND") */
        Participants.Exhibition_ID = :old.Exhibition_ID;
    IF (NUMROWS > 0)
    THEN 
      raise_application_error(
        -20005,
        'Cannot update Exhibition because Participants exists.'
      );
    END IF;
  END IF;

  /* erwin Builtin Trigger */
  /* Place  Exhibition on child update restrict */
  /* ERWIN_RELATION:CHECKSUM="00000000", PARENT_OWNER="", PARENT_TABLE="Place"
    CHILD_OWNER="", CHILD_TABLE="Exhibition"
    P2C_VERB_PHRASE="", C2P_VERB_PHRASE="", 
    FK_CONSTRAINT="R_20", FK_COLUMNS="Place_ID" */
  SELECT count(*) INTO NUMROWS
    FROM Place
    WHERE
      /* %JoinFKPK(:%New,Place," = "," AND") */
      :new.Place_ID = Place.Place_ID;
  IF (
    /* %NotnullFK(:%New," IS NOT NULL AND") */
    
    NUMROWS = 0
  )
  THEN
    raise_application_error(
      -20007,
      'Cannot update Exhibition because Place does not exist.'
    );
  END IF;


-- erwin Builtin Trigger
END;

/
ALTER TRIGGER "VER3"."TU_EXHIBITION" ENABLE;
--------------------------------------------------------
--  DDL for Trigger TU_MATERIALS
--------------------------------------------------------

  CREATE OR REPLACE TRIGGER "VER3"."TU_MATERIALS" AFTER UPDATE ON Materials for each row
-- erwin Builtin Trigger
-- UPDATE trigger on Materials 
DECLARE NUMROWS INTEGER;
BEGIN
  /* Materials  Sculptor on parent update set null */
  /* ERWIN_RELATION:CHECKSUM="0000de7c", PARENT_OWNER="", PARENT_TABLE="Materials"
    CHILD_OWNER="", CHILD_TABLE="Sculptor"
    P2C_VERB_PHRASE="", C2P_VERB_PHRASE="", 
    FK_CONSTRAINT="R_38", FK_COLUMNS="Material_ID" */
  IF
    /* %JoinPKPK(:%Old,:%New," <> "," OR ") */
    :old.Material_ID <> :new.Material_ID
  THEN
    UPDATE Sculptor
      SET
        /* %SetFK(Sculptor,NULL) */
        Sculptor.Material_ID = NULL
      WHERE
        /* %JoinFKPK(Sculptor,:%Old," = ",",") */
        Sculptor.Material_ID = :old.Material_ID;
  END IF;


-- erwin Builtin Trigger
END;

/
ALTER TRIGGER "VER3"."TU_MATERIALS" ENABLE;
--------------------------------------------------------
--  DDL for Trigger TU_PAINTER
--------------------------------------------------------

  CREATE OR REPLACE TRIGGER "VER3"."TU_PAINTER" AFTER UPDATE ON Painter for each row
-- erwin Builtin Trigger
-- UPDATE trigger on Painter 
DECLARE NUMROWS INTEGER;
BEGIN
  /* erwin Builtin Trigger */
  /* Artist  Painter on child update no action */
  /* ERWIN_RELATION:CHECKSUM="000206d6", PARENT_OWNER="", PARENT_TABLE="Artist"
    CHILD_OWNER="", CHILD_TABLE="Painter"
    P2C_VERB_PHRASE="", C2P_VERB_PHRASE="", 
    FK_CONSTRAINT="R_60", FK_COLUMNS="Artist_ID" */
  SELECT count(*) INTO NUMROWS
    FROM Artist
    WHERE
      /* %JoinFKPK(:%New,Artist," = "," AND") */
      :new.Artist_ID = Artist.Artist_ID;
  IF (
    /* %NotnullFK(:%New," IS NOT NULL AND") */
    :new.Artist_ID IS NOT NULL AND
    NUMROWS = 0
  )
  THEN
    raise_application_error(
      -20007,
      'Cannot update Painter because Artist does not exist.'
    );
  END IF;

  /* erwin Builtin Trigger */
  /* Paint_Types  Painter on child update no action */
  /* ERWIN_RELATION:CHECKSUM="00000000", PARENT_OWNER="", PARENT_TABLE="Paint_Types"
    CHILD_OWNER="", CHILD_TABLE="Painter"
    P2C_VERB_PHRASE="", C2P_VERB_PHRASE="", 
    FK_CONSTRAINT="R_39", FK_COLUMNS="PaintType_ID" */
  SELECT count(*) INTO NUMROWS
    FROM Paint_Types
    WHERE
      /* %JoinFKPK(:%New,Paint_Types," = "," AND") */
      :new.PaintType_ID = Paint_Types.PaintType_ID;
  IF (
    /* %NotnullFK(:%New," IS NOT NULL AND") */
    :new.PaintType_ID IS NOT NULL AND
    NUMROWS = 0
  )
  THEN
    raise_application_error(
      -20007,
      'Cannot update Painter because Paint_Types does not exist.'
    );
  END IF;


-- erwin Builtin Trigger
END;

/
ALTER TRIGGER "VER3"."TU_PAINTER" ENABLE;
--------------------------------------------------------
--  DDL for Trigger TU_PAINT_TYPES
--------------------------------------------------------

  CREATE OR REPLACE TRIGGER "VER3"."TU_PAINT_TYPES" AFTER UPDATE ON Paint_Types for each row
-- erwin Builtin Trigger
-- UPDATE trigger on Paint_Types 
DECLARE NUMROWS INTEGER;
BEGIN
  /* Paint_Types  Painter on parent update set null */
  /* ERWIN_RELATION:CHECKSUM="0000e1df", PARENT_OWNER="", PARENT_TABLE="Paint_Types"
    CHILD_OWNER="", CHILD_TABLE="Painter"
    P2C_VERB_PHRASE="", C2P_VERB_PHRASE="", 
    FK_CONSTRAINT="R_39", FK_COLUMNS="PaintType_ID" */
  IF
    /* %JoinPKPK(:%Old,:%New," <> "," OR ") */
    :old.PaintType_ID <> :new.PaintType_ID
  THEN
    UPDATE Painter
      SET
        /* %SetFK(Painter,NULL) */
        Painter.PaintType_ID = NULL
      WHERE
        /* %JoinFKPK(Painter,:%Old," = ",",") */
        Painter.PaintType_ID = :old.PaintType_ID;
  END IF;


-- erwin Builtin Trigger
END;

/
ALTER TRIGGER "VER3"."TU_PAINT_TYPES" ENABLE;
--------------------------------------------------------
--  DDL for Trigger TU_PARTICIPANTS
--------------------------------------------------------

  CREATE OR REPLACE TRIGGER "VER3"."TU_PARTICIPANTS" AFTER UPDATE ON Participants for each row
-- erwin Builtin Trigger
-- UPDATE trigger on Participants 
DECLARE NUMROWS INTEGER;
BEGIN
  /* erwin Builtin Trigger */
  /* Artist  Participants on child update no action */
  /* ERWIN_RELATION:CHECKSUM="0002078a", PARENT_OWNER="", PARENT_TABLE="Artist"
    CHILD_OWNER="", CHILD_TABLE="Participants"
    P2C_VERB_PHRASE="", C2P_VERB_PHRASE="", 
    FK_CONSTRAINT="R_57", FK_COLUMNS="Artist_ID" */
  SELECT count(*) INTO NUMROWS
    FROM Artist
    WHERE
      /* %JoinFKPK(:%New,Artist," = "," AND") */
      :new.Artist_ID = Artist.Artist_ID;
  IF (
    /* %NotnullFK(:%New," IS NOT NULL AND") */
    :new.Artist_ID IS NOT NULL AND
    NUMROWS = 0
  )
  THEN
    raise_application_error(
      -20007,
      'Cannot update Participants because Artist does not exist.'
    );
  END IF;

  /* erwin Builtin Trigger */
  /* Exhibition  Participants on child update restrict */
  /* ERWIN_RELATION:CHECKSUM="00000000", PARENT_OWNER="", PARENT_TABLE="Exhibition"
    CHILD_OWNER="", CHILD_TABLE="Participants"
    P2C_VERB_PHRASE="", C2P_VERB_PHRASE="", 
    FK_CONSTRAINT="R_18", FK_COLUMNS="Exhibition_ID" */
  SELECT count(*) INTO NUMROWS
    FROM Exhibition
    WHERE
      /* %JoinFKPK(:%New,Exhibition," = "," AND") */
      :new.Exhibition_ID = Exhibition.Exhibition_ID;
  IF (
    /* %NotnullFK(:%New," IS NOT NULL AND") */
    
    NUMROWS = 0
  )
  THEN
    raise_application_error(
      -20007,
      'Cannot update Participants because Exhibition does not exist.'
    );
  END IF;


-- erwin Builtin Trigger
END;

/
ALTER TRIGGER "VER3"."TU_PARTICIPANTS" ENABLE;
--------------------------------------------------------
--  DDL for Trigger TU_PLACE
--------------------------------------------------------

  CREATE OR REPLACE TRIGGER "VER3"."TU_PLACE" AFTER UPDATE ON Place for each row
-- erwin Builtin Trigger
-- UPDATE trigger on Place 
DECLARE NUMROWS INTEGER;
BEGIN
  /* erwin Builtin Trigger */
  /* Place  Artwork on parent update restrict */
  /* ERWIN_RELATION:CHECKSUM="0002eecf", PARENT_OWNER="", PARENT_TABLE="Place"
    CHILD_OWNER="", CHILD_TABLE="Artwork"
    P2C_VERB_PHRASE="", C2P_VERB_PHRASE="", 
    FK_CONSTRAINT="R_27", FK_COLUMNS="Place_ID" */
  IF
    /* %JoinPKPK(:%Old,:%New," <> "," OR ") */
    :old.Place_ID <> :new.Place_ID
  THEN
    SELECT count(*) INTO NUMROWS
      FROM Artwork
      WHERE
        /*  %JoinFKPK(Artwork,:%Old," = "," AND") */
        Artwork.Place_ID = :old.Place_ID;
    IF (NUMROWS > 0)
    THEN 
      raise_application_error(
        -20005,
        'Cannot update Place because Artwork exists.'
      );
    END IF;
  END IF;

  /* erwin Builtin Trigger */
  /* Place  Exhibition on parent update restrict */
  /* ERWIN_RELATION:CHECKSUM="00000000", PARENT_OWNER="", PARENT_TABLE="Place"
    CHILD_OWNER="", CHILD_TABLE="Exhibition"
    P2C_VERB_PHRASE="", C2P_VERB_PHRASE="", 
    FK_CONSTRAINT="R_20", FK_COLUMNS="Place_ID" */
  IF
    /* %JoinPKPK(:%Old,:%New," <> "," OR ") */
    :old.Place_ID <> :new.Place_ID
  THEN
    SELECT count(*) INTO NUMROWS
      FROM Exhibition
      WHERE
        /*  %JoinFKPK(Exhibition,:%Old," = "," AND") */
        Exhibition.Place_ID = :old.Place_ID;
    IF (NUMROWS > 0)
    THEN 
      raise_application_error(
        -20005,
        'Cannot update Place because Exhibition exists.'
      );
    END IF;
  END IF;

  /* erwin Builtin Trigger */
  /* City  Place on child update restrict */
  /* ERWIN_RELATION:CHECKSUM="00000000", PARENT_OWNER="", PARENT_TABLE="City"
    CHILD_OWNER="", CHILD_TABLE="Place"
    P2C_VERB_PHRASE="", C2P_VERB_PHRASE="", 
    FK_CONSTRAINT="R_29", FK_COLUMNS="City_ID" */
  SELECT count(*) INTO NUMROWS
    FROM City
    WHERE
      /* %JoinFKPK(:%New,City," = "," AND") */
      :new.City_ID = City.City_ID;
  IF (
    /* %NotnullFK(:%New," IS NOT NULL AND") */
    
    NUMROWS = 0
  )
  THEN
    raise_application_error(
      -20007,
      'Cannot update Place because City does not exist.'
    );
  END IF;


-- erwin Builtin Trigger
END;

/
ALTER TRIGGER "VER3"."TU_PLACE" ENABLE;
--------------------------------------------------------
--  DDL for Trigger TU_RARITY
--------------------------------------------------------

  CREATE OR REPLACE TRIGGER "VER3"."TU_RARITY" AFTER UPDATE ON Rarity for each row
-- erwin Builtin Trigger
-- UPDATE trigger on Rarity 
DECLARE NUMROWS INTEGER;
BEGIN
  /* erwin Builtin Trigger */
  /* Artwork  Rarity on child update no action */
  /* ERWIN_RELATION:CHECKSUM="0000f2f7", PARENT_OWNER="", PARENT_TABLE="Artwork"
    CHILD_OWNER="", CHILD_TABLE="Rarity"
    P2C_VERB_PHRASE="", C2P_VERB_PHRASE="", 
    FK_CONSTRAINT="R_40", FK_COLUMNS="Artwork_ID" */
  SELECT count(*) INTO NUMROWS
    FROM Artwork
    WHERE
      /* %JoinFKPK(:%New,Artwork," = "," AND") */
      :new.Artwork_ID = Artwork.Artwork_ID;
  IF (
    /* %NotnullFK(:%New," IS NOT NULL AND") */
    :new.Artwork_ID IS NOT NULL AND
    NUMROWS = 0
  )
  THEN
    raise_application_error(
      -20007,
      'Cannot update Rarity because Artwork does not exist.'
    );
  END IF;


-- erwin Builtin Trigger
END;

/
ALTER TRIGGER "VER3"."TU_RARITY" ENABLE;
--------------------------------------------------------
--  DDL for Trigger TU_SCULPTOR
--------------------------------------------------------

  CREATE OR REPLACE TRIGGER "VER3"."TU_SCULPTOR" AFTER UPDATE ON Sculptor for each row
-- erwin Builtin Trigger
-- UPDATE trigger on Sculptor 
DECLARE NUMROWS INTEGER;
BEGIN
  /* erwin Builtin Trigger */
  /* Artist  Sculptor on child update no action */
  /* ERWIN_RELATION:CHECKSUM="00020989", PARENT_OWNER="", PARENT_TABLE="Artist"
    CHILD_OWNER="", CHILD_TABLE="Sculptor"
    P2C_VERB_PHRASE="", C2P_VERB_PHRASE="", 
    FK_CONSTRAINT="R_59", FK_COLUMNS="Artist_ID" */
  SELECT count(*) INTO NUMROWS
    FROM Artist
    WHERE
      /* %JoinFKPK(:%New,Artist," = "," AND") */
      :new.Artist_ID = Artist.Artist_ID;
  IF (
    /* %NotnullFK(:%New," IS NOT NULL AND") */
    :new.Artist_ID IS NOT NULL AND
    NUMROWS = 0
  )
  THEN
    raise_application_error(
      -20007,
      'Cannot update Sculptor because Artist does not exist.'
    );
  END IF;

  /* erwin Builtin Trigger */
  /* Materials  Sculptor on child update no action */
  /* ERWIN_RELATION:CHECKSUM="00000000", PARENT_OWNER="", PARENT_TABLE="Materials"
    CHILD_OWNER="", CHILD_TABLE="Sculptor"
    P2C_VERB_PHRASE="", C2P_VERB_PHRASE="", 
    FK_CONSTRAINT="R_38", FK_COLUMNS="Material_ID" */
  SELECT count(*) INTO NUMROWS
    FROM Materials
    WHERE
      /* %JoinFKPK(:%New,Materials," = "," AND") */
      :new.Material_ID = Materials.Material_ID;
  IF (
    /* %NotnullFK(:%New," IS NOT NULL AND") */
    :new.Material_ID IS NOT NULL AND
    NUMROWS = 0
  )
  THEN
    raise_application_error(
      -20007,
      'Cannot update Sculptor because Materials does not exist.'
    );
  END IF;


-- erwin Builtin Trigger
END;

/
ALTER TRIGGER "VER3"."TU_SCULPTOR" ENABLE;
--------------------------------------------------------
--  DDL for Procedure GET_EXHIBITION_INFO
--------------------------------------------------------
set define off;

  CREATE OR REPLACE PROCEDURE "VER3"."GET_EXHIBITION_INFO" 
(EXH_CITY IN city.city_name%TYPE,
EXH_NAME OUT NVARCHAR2,
EXH_DATE OUT DATE,
EXH_DES OUT VARCHAR2,
EXH_PLACE OUT VARCHAR2) IS 
BEGIN
  SELECT E.EXHIBITION_NAME, E.EXDATE, E.EXHIBITION_DESCRIPTION, p.place_name INTO EXH_NAME, EXH_DATE, EXH_DES, EXH_PLACE
  FROM EXHIBITION E
  INNER JOIN PLACE P
  ON p.place_id = e.place_id
  INNER JOIN CITY C
  ON c.city_id=p.city_id
  WHERE c.city_name=exh_city;
END;

/
--------------------------------------------------------
--  DDL for Package PKG_ENCRYPT_DECRYPT
--------------------------------------------------------

  CREATE OR REPLACE PACKAGE "VER3"."PKG_ENCRYPT_DECRYPT" 

   as

   function enc_account_passwd(

   p_account_passwd in varchar2,

   p_account_name in varchar2,

   p_unlock_code in varchar2 default null)

   return varchar2;



   function dec_account_passwd(

   p_account_passwd in varchar2,

   p_account_name in varchar2,

   p_unlock_code in varchar2 default null)

   return varchar2;

end;

/
--------------------------------------------------------
--  DDL for Package Body ENCRYPT_PASWD
--------------------------------------------------------

  CREATE OR REPLACE PACKAGE BODY "VER3"."ENCRYPT_PASWD" 
AS 
    G_CHARACTER_SET VARCHAR2(10) := 'AL32UTF8'; 
    G_STRING VARCHAR2(32) := '151313135'; 
    G_KEY RAW(250) := utl_i18n.string_to_raw 
         (data => G_STRING, 
         dst_charset => G_CHARACTER_SET); 
    G_ENCRYPTION_TYPE PLS_INTEGER := dbms_crypto.encrypt_aes256 
            + dbms_crypto.chain_cbc 
            + dbms_crypto.pad_pkcs5; 
    ------------------------------------------------------------------------ 
    --Encrypt a password 
    --Salt the password 
    ------------------------------------------------------------------------ 
    FUNCTION encrypt_val(p_val IN VARCHAR2) RETURN RAW 
    IS 
    l_val RAW(32) := UTL_I18N.STRING_TO_RAW(p_val, G_CHARACTER_SET); 
    l_encrypted RAW(32); 
    BEGIN 
    l_val := utl_i18n.string_to_raw 
       (data => p_val, 
       dst_charset => G_CHARACTER_SET); 

    l_encrypted := dbms_crypto.encrypt 
        (src => l_val, 
        typ => G_ENCRYPTION_TYPE, 
        key => G_KEY); 

    RETURN l_encrypted; 
    END encrypt_val; 
END encrypt_paswd;

/
--------------------------------------------------------
--  DDL for Package Body PKG_ENCRYPT_DECRYPT
--------------------------------------------------------

  CREATE OR REPLACE PACKAGE BODY "VER3"."PKG_ENCRYPT_DECRYPT" as

   main_password  varchar2(32) := 'ThisIsTheSuperSe';

   free_password varchar2(10) := 'OpenSesame';

   enc_mode       number := dbms_crypto.encrypt_aes128 +

                            dbms_crypto.chain_cbc      +

                            dbms_crypto.pad_pkcs5;



    function enc_account_passwd(

       p_account_passwd in varchar2,

       p_account_name   in varchar2,

       p_unlock_code    in varchar2 default NULL)

      return varchar2 as

      swordfish            raw(256);

      swordfish_encrypted raw(256);

    begin

      if (p_unlock_code is null or p_unlock_code != free_password)     

      then

        return null;

      end if;

      swordfish := dbms_crypto.randombytes(16);

      swordfish_encrypted := dbms_crypto.encrypt(swordfish,

                                                  enc_mode,

                                                  utl_i18n.string_to_raw(

                                                    main_password,

                                                    'al32utf8'));
      insert into

         tab_dbms_crypto_secrets

      values (p_account_name, swordfish_encrypted);

return utl_encode.base64_encode(

  dbms_crypto.encrypt(

    utl_i18n.string_to_raw(

      p_account_passwd,

      'al32utf8'),

    enc_mode,

    swordfish));

 end;

    function dec_account_passwd(

       p_account_passwd in varchar2,

       p_account_name   in varchar2,

       p_unlock_code    in varchar2 default NULL)

      return varchar2 as

      swordfish raw(256);

    begin

      if (p_unlock_code is null or p_unlock_code != free_password)  

      then

         return null;

      end if;

       select

         dbms_crypto.decrypt(

            value2,

            enc_mode,

            utl_i18n.string_to_raw(

               main_password,

               'al32utf8'))

      into

         swordfish

      from

         tab_dbms_crypto_secrets

      where

         value1 = p_account_name;

      return utl_i18n.raw_to_char(

           dbms_crypto.decrypt(

              utl_encode.base64_decode(

                 p_account_passwd),

                 enc_mode,

                 swordfish),

              'al32utf8');

    end;

  end;

/
--------------------------------------------------------
--  DDL for Function ENCRYPT_PASWD
--------------------------------------------------------

  CREATE OR REPLACE FUNCTION "VER3"."ENCRYPT_PASWD" (PASSWORD IN VARCHAR2)
RETURN VARCHAR2
IS
    G_CHARACTER_SET VARCHAR2(10) := 'AL32UTF8'; 
    G_STRING VARCHAR2(32) := '151313135'; 
    G_KEY RAW(250) := utl_i18n.string_to_raw 
         (data => G_STRING, 
         dst_charset => G_CHARACTER_SET); 
    G_ENCRYPTION_TYPE PLS_INTEGER := dbms_crypto.encrypt_aes256 
            + dbms_crypto.chain_cbc 
            + dbms_crypto.pad_pkcs5; 
    ------------------------------------------------------------------------ 
    --Encrypt a password 
    --Salt the password 
    ------------------------------------------------------------------------ 
    FUNCTION encrypt_val(p_val IN VARCHAR2) RETURN RAW 
    IS 
    l_val RAW(32) := UTL_I18N.STRING_TO_RAW(p_val, G_CHARACTER_SET); 
    l_encrypted RAW(32); 
    BEGIN 
    l_val := utl_i18n.string_to_raw 
       (data => p_val, 
       dst_charset => G_CHARACTER_SET); 

    l_encrypted := dbms_crypto.encrypt 
        (src => l_val, 
        typ => G_ENCRYPTION_TYPE, 
        key => G_KEY); 

    RETURN l_encrypted; 
    END encrypt_val;
  END passwd_encrypt;

/
--------------------------------------------------------
--  Constraints for Table PAINTER
--------------------------------------------------------

  ALTER TABLE "VER3"."PAINTER" ADD CONSTRAINT "XPKPAINTER" PRIMARY KEY ("PAINTER_ID")
  USING INDEX PCTFREE 10 INITRANS 2 MAXTRANS 255 COMPUTE STATISTICS 
  STORAGE(INITIAL 65536 NEXT 1048576 MINEXTENTS 1 MAXEXTENTS 2147483645
  PCTINCREASE 0 FREELISTS 1 FREELIST GROUPS 1 BUFFER_POOL DEFAULT FLASH_CACHE DEFAULT CELL_FLASH_CACHE DEFAULT)
  TABLESPACE "SYSTEM"  ENABLE;
  ALTER TABLE "VER3"."PAINTER" MODIFY ("PAINTER_ID" NOT NULL ENABLE);
--------------------------------------------------------
--  Constraints for Table EXHIBITION
--------------------------------------------------------

  ALTER TABLE "VER3"."EXHIBITION" ADD CONSTRAINT "XPKEXHIBITION" PRIMARY KEY ("EXHIBITION_ID")
  USING INDEX PCTFREE 10 INITRANS 2 MAXTRANS 255 COMPUTE STATISTICS 
  STORAGE(INITIAL 65536 NEXT 1048576 MINEXTENTS 1 MAXEXTENTS 2147483645
  PCTINCREASE 0 FREELISTS 1 FREELIST GROUPS 1 BUFFER_POOL DEFAULT FLASH_CACHE DEFAULT CELL_FLASH_CACHE DEFAULT)
  TABLESPACE "SYSTEM"  ENABLE;
  ALTER TABLE "VER3"."EXHIBITION" MODIFY ("PLACE_ID" NOT NULL ENABLE);
  ALTER TABLE "VER3"."EXHIBITION" MODIFY ("EXHIBITION_ID" NOT NULL ENABLE);
--------------------------------------------------------
--  Constraints for Table USERS
--------------------------------------------------------

  ALTER TABLE "VER3"."USERS" ADD CONSTRAINT "PASSWORD_CHECK" CHECK (LENGTH(PASSWORD) >= 8) ENABLE;
  ALTER TABLE "VER3"."USERS" ADD CONSTRAINT "USERS_PK" PRIMARY KEY ("USER_ID")
  USING INDEX PCTFREE 10 INITRANS 2 MAXTRANS 255 COMPUTE STATISTICS 
  STORAGE(INITIAL 65536 NEXT 1048576 MINEXTENTS 1 MAXEXTENTS 2147483645
  PCTINCREASE 0 FREELISTS 1 FREELIST GROUPS 1 BUFFER_POOL DEFAULT FLASH_CACHE DEFAULT CELL_FLASH_CACHE DEFAULT)
  TABLESPACE "SYSTEM"  ENABLE;
  ALTER TABLE "VER3"."USERS" MODIFY ("USER_ID" NOT NULL ENABLE);
--------------------------------------------------------
--  Constraints for Table ARTWORK
--------------------------------------------------------

  ALTER TABLE "VER3"."ARTWORK" ADD CONSTRAINT "XPKARTWORK" PRIMARY KEY ("ARTWORK_ID")
  USING INDEX PCTFREE 10 INITRANS 2 MAXTRANS 255 COMPUTE STATISTICS 
  STORAGE(INITIAL 65536 NEXT 1048576 MINEXTENTS 1 MAXEXTENTS 2147483645
  PCTINCREASE 0 FREELISTS 1 FREELIST GROUPS 1 BUFFER_POOL DEFAULT FLASH_CACHE DEFAULT CELL_FLASH_CACHE DEFAULT)
  TABLESPACE "SYSTEM"  ENABLE;
  ALTER TABLE "VER3"."ARTWORK" MODIFY ("PLACE_ID" NOT NULL ENABLE);
  ALTER TABLE "VER3"."ARTWORK" MODIFY ("ARTWORK_ID" NOT NULL ENABLE);
--------------------------------------------------------
--  Constraints for Table RARITY
--------------------------------------------------------

  ALTER TABLE "VER3"."RARITY" ADD CONSTRAINT "XPKRARITY" PRIMARY KEY ("RARITY_ID")
  USING INDEX PCTFREE 10 INITRANS 2 MAXTRANS 255 COMPUTE STATISTICS 
  STORAGE(INITIAL 65536 NEXT 1048576 MINEXTENTS 1 MAXEXTENTS 2147483645
  PCTINCREASE 0 FREELISTS 1 FREELIST GROUPS 1 BUFFER_POOL DEFAULT FLASH_CACHE DEFAULT CELL_FLASH_CACHE DEFAULT)
  TABLESPACE "SYSTEM"  ENABLE;
  ALTER TABLE "VER3"."RARITY" MODIFY ("RARITY_ID" NOT NULL ENABLE);
--------------------------------------------------------
--  Constraints for Table DJANGO_ADMIN_LOG
--------------------------------------------------------

  ALTER TABLE "VER3"."DJANGO_ADMIN_LOG" ADD PRIMARY KEY ("ID")
  USING INDEX PCTFREE 10 INITRANS 2 MAXTRANS 255 
  STORAGE(INITIAL 65536 NEXT 1048576 MINEXTENTS 1 MAXEXTENTS 2147483645
  PCTINCREASE 0 FREELISTS 1 FREELIST GROUPS 1 BUFFER_POOL DEFAULT FLASH_CACHE DEFAULT CELL_FLASH_CACHE DEFAULT)
  TABLESPACE "SYSTEM"  ENABLE;
  ALTER TABLE "VER3"."DJANGO_ADMIN_LOG" ADD CHECK ("ACTION_FLAG" >= 0) ENABLE;
  ALTER TABLE "VER3"."DJANGO_ADMIN_LOG" MODIFY ("ACTION_FLAG" NOT NULL ENABLE);
  ALTER TABLE "VER3"."DJANGO_ADMIN_LOG" MODIFY ("USER_ID" NOT NULL ENABLE);
  ALTER TABLE "VER3"."DJANGO_ADMIN_LOG" MODIFY ("ACTION_TIME" NOT NULL ENABLE);
  ALTER TABLE "VER3"."DJANGO_ADMIN_LOG" MODIFY ("ID" NOT NULL ENABLE);
--------------------------------------------------------
--  Constraints for Table ARTIST
--------------------------------------------------------

  ALTER TABLE "VER3"."ARTIST" ADD CONSTRAINT "XPKARTIST" PRIMARY KEY ("ARTIST_ID")
  USING INDEX PCTFREE 10 INITRANS 2 MAXTRANS 255 COMPUTE STATISTICS 
  STORAGE(INITIAL 65536 NEXT 1048576 MINEXTENTS 1 MAXEXTENTS 2147483645
  PCTINCREASE 0 FREELISTS 1 FREELIST GROUPS 1 BUFFER_POOL DEFAULT FLASH_CACHE DEFAULT CELL_FLASH_CACHE DEFAULT)
  TABLESPACE "SYSTEM"  ENABLE;
  ALTER TABLE "VER3"."ARTIST" MODIFY ("ARTIST_ID" NOT NULL ENABLE);
--------------------------------------------------------
--  Constraints for Table PLACE
--------------------------------------------------------

  ALTER TABLE "VER3"."PLACE" ADD CONSTRAINT "XPKPLACE" PRIMARY KEY ("PLACE_ID")
  USING INDEX PCTFREE 10 INITRANS 2 MAXTRANS 255 COMPUTE STATISTICS 
  STORAGE(INITIAL 65536 NEXT 1048576 MINEXTENTS 1 MAXEXTENTS 2147483645
  PCTINCREASE 0 FREELISTS 1 FREELIST GROUPS 1 BUFFER_POOL DEFAULT FLASH_CACHE DEFAULT CELL_FLASH_CACHE DEFAULT)
  TABLESPACE "SYSTEM"  ENABLE;
  ALTER TABLE "VER3"."PLACE" MODIFY ("CITY_ID" NOT NULL ENABLE);
  ALTER TABLE "VER3"."PLACE" MODIFY ("PLACE_ID" NOT NULL ENABLE);
--------------------------------------------------------
--  Constraints for Table DJANGO_MIGRATIONS
--------------------------------------------------------

  ALTER TABLE "VER3"."DJANGO_MIGRATIONS" ADD PRIMARY KEY ("ID")
  USING INDEX PCTFREE 10 INITRANS 2 MAXTRANS 255 COMPUTE STATISTICS 
  STORAGE(INITIAL 65536 NEXT 1048576 MINEXTENTS 1 MAXEXTENTS 2147483645
  PCTINCREASE 0 FREELISTS 1 FREELIST GROUPS 1 BUFFER_POOL DEFAULT FLASH_CACHE DEFAULT CELL_FLASH_CACHE DEFAULT)
  TABLESPACE "SYSTEM"  ENABLE;
  ALTER TABLE "VER3"."DJANGO_MIGRATIONS" MODIFY ("APPLIED" NOT NULL ENABLE);
  ALTER TABLE "VER3"."DJANGO_MIGRATIONS" MODIFY ("ID" NOT NULL ENABLE);
--------------------------------------------------------
--  Constraints for Table MATERIALS
--------------------------------------------------------

  ALTER TABLE "VER3"."MATERIALS" ADD CONSTRAINT "XPKMATERIALS" PRIMARY KEY ("MATERIAL_ID")
  USING INDEX PCTFREE 10 INITRANS 2 MAXTRANS 255 COMPUTE STATISTICS 
  STORAGE(INITIAL 65536 NEXT 1048576 MINEXTENTS 1 MAXEXTENTS 2147483645
  PCTINCREASE 0 FREELISTS 1 FREELIST GROUPS 1 BUFFER_POOL DEFAULT FLASH_CACHE DEFAULT CELL_FLASH_CACHE DEFAULT)
  TABLESPACE "SYSTEM"  ENABLE;
  ALTER TABLE "VER3"."MATERIALS" MODIFY ("MATERIAL_ID" NOT NULL ENABLE);
--------------------------------------------------------
--  Constraints for Table PARTICIPANTS
--------------------------------------------------------

  ALTER TABLE "VER3"."PARTICIPANTS" ADD CONSTRAINT "XPKPARTICIPANTS" PRIMARY KEY ("PARTICIPANT_ID")
  USING INDEX PCTFREE 10 INITRANS 2 MAXTRANS 255 COMPUTE STATISTICS 
  STORAGE(INITIAL 65536 NEXT 1048576 MINEXTENTS 1 MAXEXTENTS 2147483645
  PCTINCREASE 0 FREELISTS 1 FREELIST GROUPS 1 BUFFER_POOL DEFAULT FLASH_CACHE DEFAULT CELL_FLASH_CACHE DEFAULT)
  TABLESPACE "SYSTEM"  ENABLE;
  ALTER TABLE "VER3"."PARTICIPANTS" MODIFY ("EXHIBITION_ID" NOT NULL ENABLE);
  ALTER TABLE "VER3"."PARTICIPANTS" MODIFY ("PARTICIPANT_ID" NOT NULL ENABLE);
--------------------------------------------------------
--  Constraints for Table PAINT_TYPES
--------------------------------------------------------

  ALTER TABLE "VER3"."PAINT_TYPES" ADD CONSTRAINT "XPKPAINT_TYPES" PRIMARY KEY ("PAINTTYPE_ID")
  USING INDEX PCTFREE 10 INITRANS 2 MAXTRANS 255 COMPUTE STATISTICS 
  STORAGE(INITIAL 65536 NEXT 1048576 MINEXTENTS 1 MAXEXTENTS 2147483645
  PCTINCREASE 0 FREELISTS 1 FREELIST GROUPS 1 BUFFER_POOL DEFAULT FLASH_CACHE DEFAULT CELL_FLASH_CACHE DEFAULT)
  TABLESPACE "SYSTEM"  ENABLE;
  ALTER TABLE "VER3"."PAINT_TYPES" MODIFY ("PAINTTYPE_ID" NOT NULL ENABLE);
--------------------------------------------------------
--  Constraints for Table SCULPTOR
--------------------------------------------------------

  ALTER TABLE "VER3"."SCULPTOR" ADD CONSTRAINT "XPKSCULPTOR" PRIMARY KEY ("SCULPTOR_ID")
  USING INDEX PCTFREE 10 INITRANS 2 MAXTRANS 255 COMPUTE STATISTICS 
  STORAGE(INITIAL 65536 NEXT 1048576 MINEXTENTS 1 MAXEXTENTS 2147483645
  PCTINCREASE 0 FREELISTS 1 FREELIST GROUPS 1 BUFFER_POOL DEFAULT FLASH_CACHE DEFAULT CELL_FLASH_CACHE DEFAULT)
  TABLESPACE "SYSTEM"  ENABLE;
  ALTER TABLE "VER3"."SCULPTOR" MODIFY ("SCULPTOR_ID" NOT NULL ENABLE);
--------------------------------------------------------
--  Constraints for Table CITY
--------------------------------------------------------

  ALTER TABLE "VER3"."CITY" ADD CONSTRAINT "XPKCITY" PRIMARY KEY ("CITY_ID")
  USING INDEX PCTFREE 10 INITRANS 2 MAXTRANS 255 COMPUTE STATISTICS 
  STORAGE(INITIAL 65536 NEXT 1048576 MINEXTENTS 1 MAXEXTENTS 2147483645
  PCTINCREASE 0 FREELISTS 1 FREELIST GROUPS 1 BUFFER_POOL DEFAULT FLASH_CACHE DEFAULT CELL_FLASH_CACHE DEFAULT)
  TABLESPACE "SYSTEM"  ENABLE;
  ALTER TABLE "VER3"."CITY" MODIFY ("CITY_ID" NOT NULL ENABLE);
--------------------------------------------------------
--  Ref Constraints for Table ARTIST
--------------------------------------------------------

  ALTER TABLE "VER3"."ARTIST" ADD CONSTRAINT "R_56" FOREIGN KEY ("CITY_ID")
	  REFERENCES "VER3"."CITY" ("CITY_ID") ON DELETE SET NULL ENABLE;
--------------------------------------------------------
--  Ref Constraints for Table ARTWORK
--------------------------------------------------------

  ALTER TABLE "VER3"."ARTWORK" ADD CONSTRAINT "FKARTIST" FOREIGN KEY ("ARTIST_ID")
	  REFERENCES "VER3"."ARTIST" ("ARTIST_ID") ENABLE;
  ALTER TABLE "VER3"."ARTWORK" ADD CONSTRAINT "R_27" FOREIGN KEY ("PLACE_ID")
	  REFERENCES "VER3"."PLACE" ("PLACE_ID") ENABLE;
--------------------------------------------------------
--  Ref Constraints for Table EXHIBITION
--------------------------------------------------------

  ALTER TABLE "VER3"."EXHIBITION" ADD CONSTRAINT "R_20" FOREIGN KEY ("PLACE_ID")
	  REFERENCES "VER3"."PLACE" ("PLACE_ID") ENABLE;
--------------------------------------------------------
--  Ref Constraints for Table PAINTER
--------------------------------------------------------

  ALTER TABLE "VER3"."PAINTER" ADD CONSTRAINT "R_39" FOREIGN KEY ("PAINTTYPE_ID")
	  REFERENCES "VER3"."PAINT_TYPES" ("PAINTTYPE_ID") ON DELETE SET NULL ENABLE;
  ALTER TABLE "VER3"."PAINTER" ADD CONSTRAINT "R_60" FOREIGN KEY ("ARTIST_ID")
	  REFERENCES "VER3"."ARTIST" ("ARTIST_ID") ON DELETE SET NULL ENABLE;
--------------------------------------------------------
--  Ref Constraints for Table PARTICIPANTS
--------------------------------------------------------

  ALTER TABLE "VER3"."PARTICIPANTS" ADD CONSTRAINT "R_18" FOREIGN KEY ("EXHIBITION_ID")
	  REFERENCES "VER3"."EXHIBITION" ("EXHIBITION_ID") ENABLE;
  ALTER TABLE "VER3"."PARTICIPANTS" ADD CONSTRAINT "R_57" FOREIGN KEY ("ARTIST_ID")
	  REFERENCES "VER3"."ARTIST" ("ARTIST_ID") ON DELETE SET NULL ENABLE;
--------------------------------------------------------
--  Ref Constraints for Table PLACE
--------------------------------------------------------

  ALTER TABLE "VER3"."PLACE" ADD CONSTRAINT "R_29" FOREIGN KEY ("CITY_ID")
	  REFERENCES "VER3"."CITY" ("CITY_ID") ENABLE;
--------------------------------------------------------
--  Ref Constraints for Table RARITY
--------------------------------------------------------

  ALTER TABLE "VER3"."RARITY" ADD CONSTRAINT "R_40" FOREIGN KEY ("ARTWORK_ID")
	  REFERENCES "VER3"."ARTWORK" ("ARTWORK_ID") ON DELETE SET NULL ENABLE;
--------------------------------------------------------
--  Ref Constraints for Table SCULPTOR
--------------------------------------------------------

  ALTER TABLE "VER3"."SCULPTOR" ADD CONSTRAINT "R_38" FOREIGN KEY ("MATERIAL_ID")
	  REFERENCES "VER3"."MATERIALS" ("MATERIAL_ID") ON DELETE SET NULL ENABLE;
  ALTER TABLE "VER3"."SCULPTOR" ADD CONSTRAINT "R_59" FOREIGN KEY ("ARTIST_ID")
	  REFERENCES "VER3"."ARTIST" ("ARTIST_ID") ON DELETE SET NULL ENABLE;
